-- MySQL dump 10.13  Distrib 8.0.25, for Win64 (x86_64)
--
-- Host: localhost    Database: vk
-- ------------------------------------------------------
-- Server version	8.0.25

/*!40101 SET @OLD_CHARACTER_SET_CLIENT=@@CHARACTER_SET_CLIENT */;
/*!40101 SET @OLD_CHARACTER_SET_RESULTS=@@CHARACTER_SET_RESULTS */;
/*!40101 SET @OLD_COLLATION_CONNECTION=@@COLLATION_CONNECTION */;
/*!50503 SET NAMES utf8mb4 */;
/*!40103 SET @OLD_TIME_ZONE=@@TIME_ZONE */;
/*!40103 SET TIME_ZONE='+00:00' */;
/*!40014 SET @OLD_UNIQUE_CHECKS=@@UNIQUE_CHECKS, UNIQUE_CHECKS=0 */;
/*!40014 SET @OLD_FOREIGN_KEY_CHECKS=@@FOREIGN_KEY_CHECKS, FOREIGN_KEY_CHECKS=0 */;
/*!40101 SET @OLD_SQL_MODE=@@SQL_MODE, SQL_MODE='NO_AUTO_VALUE_ON_ZERO' */;
/*!40111 SET @OLD_SQL_NOTES=@@SQL_NOTES, SQL_NOTES=0 */;

--
-- Table structure for table `cities`
--

DROP TABLE IF EXISTS `cities`;
/*!40101 SET @saved_cs_client     = @@character_set_client */;
/*!50503 SET character_set_client = utf8mb4 */;
CREATE TABLE `cities` (
  `id` int unsigned NOT NULL AUTO_INCREMENT COMMENT '╨б╤Б╤Л╨╗╨║╨░ ╨╜╨░ ╨│╨╛╤А╨╛╨┤ ╨┐╤А╨╛╨╢╨╕╨▓╨░╨╜╨╕╤П',
  `name` varchar(150) NOT NULL COMMENT '╨Э╨░╨╖╨▓╨░╨╜╨╕╨╡ ╨│╨╛╤А╨╛╨┤╨░',
  `country_id` int unsigned DEFAULT NULL COMMENT '╨б╤Б╤Л╨╗╨║╨░ ╨╜╨░ ╤Б╤В╤А╨░╨╜╤Г ╨┐╤А╨╛╨╢╨╕╨▓╨░╨╜╨╕╤П',
  PRIMARY KEY (`id`)
) ENGINE=InnoDB AUTO_INCREMENT=101 DEFAULT CHARSET=utf8mb3 COMMENT='╨У╨╛╤А╨╛╨┤╨░';
/*!40101 SET character_set_client = @saved_cs_client */;

--
-- Dumping data for table `cities`
--

LOCK TABLES `cities` WRITE;
/*!40000 ALTER TABLE `cities` DISABLE KEYS */;
INSERT INTO `cities` VALUES (1,'porro',12),(2,'soluta',32),(3,'quis',26),(4,'qui',31),(5,'et',26),(6,'amet',36),(7,'esse',4),(8,'reiciendis',11),(9,'recusandae',40),(10,'est',18),(11,'totam',21),(12,'libero',47),(13,'saepe',25),(14,'aut',31),(15,'vero',29),(16,'repellat',50),(17,'qui',16),(18,'ea',29),(19,'quae',47),(20,'sed',49),(21,'odit',50),(22,'sed',4),(23,'non',21),(24,'sit',41),(25,'mollitia',43),(26,'officia',40),(27,'quia',23),(28,'cupiditate',42),(29,'consectetur',40),(30,'voluptatum',23),(31,'quae',47),(32,'qui',13),(33,'sit',25),(34,'et',33),(35,'porro',41),(36,'sunt',7),(37,'iure',10),(38,'veritatis',29),(39,'sunt',13),(40,'ratione',30),(41,'doloremque',11),(42,'voluptatum',13),(43,'ut',30),(44,'et',14),(45,'optio',27),(46,'quo',42),(47,'nihil',29),(48,'excepturi',19),(49,'est',8),(50,'rerum',34),(51,'ea',44),(52,'provident',19),(53,'voluptas',11),(54,'deserunt',50),(55,'sit',14),(56,'quaerat',19),(57,'voluptatibus',2),(58,'consequatur',2),(59,'autem',5),(60,'animi',20),(61,'maiores',31),(62,'eum',46),(63,'sit',38),(64,'omnis',50),(65,'aut',34),(66,'voluptas',23),(67,'facere',10),(68,'magnam',31),(69,'et',26),(70,'architecto',34),(71,'enim',44),(72,'et',17),(73,'quod',3),(74,'ea',12),(75,'qui',2),(76,'est',22),(77,'consequuntur',4),(78,'laboriosam',3),(79,'eos',4),(80,'dolorem',11),(81,'hic',41),(82,'est',23),(83,'quam',41),(84,'sint',35),(85,'est',2),(86,'totam',5),(87,'laudantium',17),(88,'quae',20),(89,'sapiente',47),(90,'in',24),(91,'accusantium',29),(92,'totam',21),(93,'cupiditate',21),(94,'aspernatur',39),(95,'delectus',33),(96,'et',45),(97,'impedit',29),(98,'fugiat',6),(99,'aliquid',46),(100,'laboriosam',9);
/*!40000 ALTER TABLE `cities` ENABLE KEYS */;
UNLOCK TABLES;

--
-- Table structure for table `communities`
--

DROP TABLE IF EXISTS `communities`;
/*!40101 SET @saved_cs_client     = @@character_set_client */;
/*!50503 SET character_set_client = utf8mb4 */;
CREATE TABLE `communities` (
  `id` int unsigned NOT NULL AUTO_INCREMENT COMMENT '╨Ш╨┤╨╡╨╜╤В╨╕╤Д╨╕╨║╨░╤В╨╛╤А ╤Б╤В╤А╨╛╨║╨╕',
  `name` varchar(150) CHARACTER SET utf8mb4 COLLATE utf8mb4_unicode_ci NOT NULL COMMENT '╨Э╨░╨╖╨▓╨░╨╜╨╕╨╡ ╨│╤А╤Г╨┐╨┐╤Л',
  `created_at` datetime DEFAULT CURRENT_TIMESTAMP COMMENT '╨Т╤А╨╡╨╝╤П ╤Б╨╛╨╖╨┤╨░╨╜╨╕╤П ╤Б╤В╤А╨╛╨║╨╕',
  `updated_at` datetime DEFAULT CURRENT_TIMESTAMP ON UPDATE CURRENT_TIMESTAMP COMMENT '╨Т╤А╨╡╨╝╤П ╨╕╨╖╨╝╨╡╨╜╨╡╨╜╨╕╤П ╤Б╤В╤А╨╛╨║╨╕',
  PRIMARY KEY (`id`),
  UNIQUE KEY `name` (`name`)
) ENGINE=InnoDB AUTO_INCREMENT=101 DEFAULT CHARSET=utf8mb4 COLLATE=utf8mb4_unicode_ci COMMENT='╨У╤А╤Г╨┐╨┐╤Л';
/*!40101 SET character_set_client = @saved_cs_client */;

--
-- Dumping data for table `communities`
--

LOCK TABLES `communities` WRITE;
/*!40000 ALTER TABLE `communities` DISABLE KEYS */;
INSERT INTO `communities` VALUES (1,'et','2009-06-05 15:47:05','2021-07-23 02:32:45'),(2,'dolorem','1999-03-18 09:00:06','2021-07-23 02:32:45'),(3,'nisi','2010-11-03 11:44:57','2021-07-23 02:32:45'),(4,'laboriosam','1979-12-10 05:45:46','1981-08-15 13:59:52'),(5,'aut','2005-04-30 10:52:14','2021-07-23 02:32:45'),(6,'quia','2015-06-09 07:38:08','2021-07-23 02:32:45'),(7,'rerum','2000-09-28 16:12:21','2021-07-23 02:32:45'),(8,'ut','2014-08-18 01:23:16','2021-07-23 02:32:45'),(9,'assumenda','1991-02-03 07:11:02','2021-07-23 02:32:45'),(10,'nesciunt','1981-05-20 03:52:47','2004-10-19 03:58:33'),(11,'magni','2017-09-24 03:22:04','2021-07-23 02:32:45'),(12,'doloremque','2020-06-08 13:27:12','2021-07-23 02:32:45'),(13,'amet','1990-04-10 07:49:48','2021-07-23 02:32:45'),(14,'qui','2014-10-30 07:27:28','2021-07-23 02:32:45'),(15,'eos','1978-03-13 04:43:18','2021-07-23 02:32:45'),(16,'dolor','1980-02-08 05:46:17','2000-10-04 15:35:30'),(17,'consectetur','1982-01-28 17:50:52','2007-08-01 01:52:46'),(18,'corporis','1986-12-24 19:45:45','1993-06-12 03:26:36'),(19,'minus','2003-01-31 00:26:21','2021-07-23 02:32:45'),(20,'commodi','2017-02-04 21:30:10','2021-07-23 02:32:45'),(21,'cupiditate','1995-01-03 09:12:09','2013-05-06 20:41:32'),(22,'fuga','1993-05-30 14:19:01','1999-08-09 17:47:00'),(23,'illo','1977-06-19 08:48:55','2007-04-27 07:38:28'),(24,'rem','1996-02-25 19:07:12','2021-07-23 02:32:45'),(25,'odio','2002-02-25 21:02:56','2015-03-18 01:35:20'),(26,'quisquam','1973-09-22 22:08:35','1994-08-17 01:21:34'),(27,'nihil','2014-02-13 05:10:18','2021-07-23 02:32:45'),(28,'officia','1998-07-26 15:23:19','2000-12-25 02:06:44'),(29,'exercitationem','2006-09-09 12:41:17','2021-07-23 02:32:45'),(30,'modi','1972-09-10 09:27:31','1973-12-31 17:56:38');
/*!40000 ALTER TABLE `communities` ENABLE KEYS */;
UNLOCK TABLES;

--
-- Table structure for table `communities_users`
--

DROP TABLE IF EXISTS `communities_users`;
/*!40101 SET @saved_cs_client     = @@character_set_client */;
/*!50503 SET character_set_client = utf8mb4 */;
CREATE TABLE `communities_users` (
  `community_id` int unsigned NOT NULL COMMENT '╨б╤Б╤Л╨╗╨║╨░ ╨╜╨░ ╨│╤А╤Г╨┐╨┐╤Г',
  `user_id` int unsigned NOT NULL COMMENT '╨б╤Б╤Л╨╗╨║╨░ ╨╜╨░ ╨┐╨╛╨╗╤М╨╖╨╛╨▓╨░╤В╨╡╨╗╤П',
  `created_at` datetime DEFAULT CURRENT_TIMESTAMP COMMENT '╨Т╤А╨╡╨╝╤П ╤Б╨╛╨╖╨┤╨░╨╜╨╕╤П ╤Б╤В╤А╨╛╨║╨╕',
  PRIMARY KEY (`community_id`,`user_id`) COMMENT '╨б╨╛╤Б╤В╨░╨▓╨╜╨╛╨╣ ╨┐╨╡╤А╨▓╨╕╤З╨╜╤Л╨╣ ╨║╨╗╤О╤З'
) ENGINE=InnoDB DEFAULT CHARSET=utf8mb4 COLLATE=utf8mb4_unicode_ci COMMENT='╨г╤З╨░╤Б╤В╨╜╨╕╨║╨╕ ╨│╤А╤Г╨┐╨┐, ╤Б╨▓╤П╨╖╤М ╨╝╨╡╨╢╨┤╤Г ╨┐╨╛╨╗╤М╨╖╨╛╨▓╨░╤В╨╡╨╗╤П╨╝╨╕ ╨╕ ╨│╤А╤Г╨┐╨┐╨░╨╝╨╕';
/*!40101 SET character_set_client = @saved_cs_client */;

--
-- Dumping data for table `communities_users`
--

LOCK TABLES `communities_users` WRITE;
/*!40000 ALTER TABLE `communities_users` DISABLE KEYS */;
INSERT INTO `communities_users` VALUES (1,20,'2007-02-01 12:20:45'),(1,29,'1986-12-26 03:09:41'),(1,92,'2003-07-26 03:57:59'),(2,21,'1990-09-30 17:56:40'),(2,70,'2014-08-05 16:04:46'),(3,4,'2007-12-14 21:43:25'),(3,71,'1978-07-23 01:34:02'),(3,84,'1978-08-19 20:43:59'),(4,62,'1976-02-09 23:13:07'),(4,100,'1982-06-05 19:17:15'),(5,14,'1992-03-01 02:28:32'),(5,93,'2016-07-26 15:35:47'),(6,10,'2014-03-07 07:15:17'),(6,13,'2019-11-09 01:46:26'),(6,45,'1984-05-12 04:29:34'),(6,49,'1992-05-07 04:11:40'),(6,58,'2006-04-04 12:01:52'),(7,55,'1990-02-08 17:09:43'),(8,6,'2000-10-18 16:19:26'),(8,7,'1970-12-23 04:37:27'),(8,29,'1999-11-21 14:17:55'),(8,65,'2011-09-26 11:08:02'),(8,95,'2004-04-02 09:24:54'),(9,7,'2007-04-21 11:39:56'),(9,15,'2008-10-07 15:13:45'),(9,21,'2000-10-09 00:04:08'),(9,37,'2007-07-22 00:46:55'),(10,11,'2008-12-12 13:40:18'),(10,55,'1988-05-13 13:58:34'),(10,92,'2003-03-25 04:47:06'),(11,10,'1985-01-13 19:45:10'),(11,54,'2003-04-28 17:48:43'),(11,59,'2004-02-11 00:55:37'),(11,69,'1998-01-05 04:26:14'),(11,75,'1974-04-18 13:22:49'),(11,85,'2016-06-03 15:21:12'),(12,8,'2002-05-15 21:04:12'),(12,69,'1979-09-30 16:09:30'),(12,90,'2012-11-04 08:46:31'),(12,96,'1990-07-03 00:43:25'),(13,18,'1999-09-29 03:16:14'),(14,30,'1993-01-26 20:02:20'),(15,21,'2014-07-07 20:37:42'),(15,26,'2013-09-21 18:51:02'),(15,28,'2002-12-10 23:59:38'),(15,65,'1999-06-25 12:14:20'),(16,58,'2004-03-11 05:28:21'),(16,77,'1975-11-28 07:54:02'),(16,78,'2005-02-01 09:59:31'),(16,84,'1976-06-03 13:25:46'),(17,42,'1980-11-07 16:57:30'),(17,52,'1970-06-11 19:03:15'),(17,92,'2000-02-17 05:22:57'),(17,94,'2016-09-21 23:39:25'),(18,3,'1973-08-28 15:41:41'),(18,46,'2021-02-10 19:35:01'),(18,48,'1995-05-20 11:41:28'),(18,66,'1971-08-11 10:37:19'),(18,75,'1996-08-19 03:43:12'),(19,12,'1985-06-25 00:58:02'),(19,27,'1985-10-18 14:01:15'),(19,42,'1987-11-17 19:35:24'),(19,54,'1984-03-17 12:42:23'),(19,58,'1985-12-11 04:54:51'),(19,76,'1999-08-17 04:59:23'),(19,93,'1974-06-13 18:13:56'),(20,31,'1981-06-26 09:11:25'),(20,44,'1987-12-20 00:33:35'),(21,63,'1975-12-14 07:38:57'),(22,28,'1985-08-18 06:52:48'),(23,19,'1995-06-17 12:24:13'),(23,34,'1982-06-22 21:28:28'),(23,76,'1977-10-23 01:57:33'),(23,99,'1997-01-27 21:20:05'),(24,2,'2000-07-15 02:00:09'),(24,32,'2019-07-06 00:26:13'),(24,100,'1992-10-07 00:20:47'),(25,26,'1986-10-04 07:21:35'),(26,61,'2015-10-23 23:16:22'),(26,62,'2020-11-04 21:10:23'),(26,75,'2007-12-10 06:29:24'),(26,95,'2013-10-26 07:05:14'),(27,60,'1971-02-26 11:22:00'),(28,4,'1987-06-01 12:10:26'),(28,7,'1980-02-05 16:42:54'),(28,13,'2013-09-16 10:56:30'),(28,35,'2000-04-08 01:22:57'),(28,38,'2004-05-24 15:38:09'),(28,56,'1973-08-02 00:16:28'),(28,75,'1992-11-14 09:20:24'),(28,79,'1975-11-20 16:35:52'),(28,82,'1983-09-17 18:49:15'),(29,18,'2000-12-03 16:17:26'),(29,43,'1987-05-11 17:48:24'),(29,53,'1974-04-26 09:14:55'),(29,64,'1970-02-19 20:35:16'),(30,12,'1970-04-25 23:39:44'),(30,21,'1990-03-20 18:35:19'),(30,23,'2005-12-16 09:38:41'),(30,78,'1982-11-06 10:23:25');
/*!40000 ALTER TABLE `communities_users` ENABLE KEYS */;
UNLOCK TABLES;

--
-- Table structure for table `countries`
--

DROP TABLE IF EXISTS `countries`;
/*!40101 SET @saved_cs_client     = @@character_set_client */;
/*!50503 SET character_set_client = utf8mb4 */;
CREATE TABLE `countries` (
  `id` int unsigned NOT NULL AUTO_INCREMENT COMMENT '╨б╤Б╤Л╨╗╨║╨░ ╨╜╨░ ╤Б╤В╤А╨░╨╜╤Г ╨┐╤А╨╛╨╢╨╕╨▓╨░╨╜╨╕╤П',
  `name` varchar(150) NOT NULL COMMENT '╨Э╨░╨╖╨▓╨░╨╜╨╕╨╡ ╤Б╤В╤А╨░╨╜╤Л',
  PRIMARY KEY (`id`)
) ENGINE=InnoDB AUTO_INCREMENT=51 DEFAULT CHARSET=utf8mb3 COMMENT='╨б╤В╤А╨░╨╜╤Л';
/*!40101 SET character_set_client = @saved_cs_client */;

--
-- Dumping data for table `countries`
--

LOCK TABLES `countries` WRITE;
/*!40000 ALTER TABLE `countries` DISABLE KEYS */;
INSERT INTO `countries` VALUES (1,'Russian Federation'),(2,'Russian Federation'),(3,'Korea'),(4,'Poland'),(5,'Korea'),(6,'Poland'),(7,'Korea'),(8,'France'),(9,'France'),(10,'Germany'),(11,'Korea'),(12,'France'),(13,'Germany'),(14,'Germany'),(15,'Poland'),(16,'Korea'),(17,'Poland'),(18,'Germany'),(19,'Poland'),(20,'Germany'),(21,'Germany'),(22,'Russian Federation'),(23,'Korea'),(24,'Poland'),(25,'Poland'),(26,'Russian Federation'),(27,'Poland'),(28,'Poland'),(29,'Germany'),(30,'Korea'),(31,'Germany'),(32,'France'),(33,'France'),(34,'France'),(35,'Russian Federation'),(36,'France'),(37,'Korea'),(38,'Germany'),(39,'Korea'),(40,'Poland'),(41,'Korea'),(42,'Russian Federation'),(43,'Korea'),(44,'Germany'),(45,'Germany'),(46,'Poland'),(47,'France'),(48,'Korea'),(49,'France'),(50,'Russian Federation');
/*!40000 ALTER TABLE `countries` ENABLE KEYS */;
UNLOCK TABLES;

--
-- Table structure for table `friendship`
--

DROP TABLE IF EXISTS `friendship`;
/*!40101 SET @saved_cs_client     = @@character_set_client */;
/*!50503 SET character_set_client = utf8mb4 */;
CREATE TABLE `friendship` (
  `user_id` int unsigned NOT NULL COMMENT '╨б╤Б╤Л╨╗╨║╨░ ╨╜╨░ ╨╕╨╜╨╕╤Ж╨╕╨░╤В╨╛╤А╨░ ╨┤╤А╤Г╨╢╨╡╤Б╨║╨╕╤Е ╨╛╤В╨╜╨╛╤И╨╡╨╜╨╕╨╣',
  `friend_id` int unsigned NOT NULL COMMENT '╨б╤Б╤Л╨╗╨║╨░ ╨╜╨░ ╨┐╨╛╨╗╤Г╤З╨░╤В╨╡╨╗╤П ╨┐╤А╨╕╨│╨╗╨░╤И╨╡╨╜╨╕╤П ╨┤╤А╤Г╨╢╨▒╤Л',
  `friendship_status_id` int unsigned NOT NULL COMMENT '╨б╤Б╤Л╨╗╨║╨░ ╨╜╨░ ╤Б╤В╨░╤В╤Г╤Б (╤В╨╡╨║╤Г╤Й╨╡╨╡ ╤Б╨╛╤Б╤В╨╛╤П╨╜╨╕╨╡)',
  `confirmed_at` datetime DEFAULT NULL COMMENT '╨Т╤А╨╡╨╝╤П ╨┐╨╛╨┤╤В╨▓╨╡╤А╨╢╨┤╨╡╨╜╨╕╤П',
  `created_at` datetime DEFAULT CURRENT_TIMESTAMP COMMENT '╨Т╤А╨╡╨╝╤П ╤Б╨╛╨╖╨┤╨░╨╜╨╕╤П ╤Б╤В╤А╨╛╨║╨╕',
  `updated_at` datetime DEFAULT CURRENT_TIMESTAMP ON UPDATE CURRENT_TIMESTAMP COMMENT '╨Т╤А╨╡╨╝╤П ╨╕╨╖╨╝╨╡╨╜╨╡╨╜╨╕╤П ╤Б╤В╤А╨╛╨║╨╕',
  PRIMARY KEY (`user_id`,`friend_id`) COMMENT '╨б╨╛╤Б╤В╨░╨▓╨╡╨╜╨╛╨╣ ╨┐╨╡╤А╨▓╨╕╤З╨╜╤Л╨╣ ╨║╨╗╤О╤З'
) ENGINE=InnoDB DEFAULT CHARSET=utf8mb4 COLLATE=utf8mb4_unicode_ci COMMENT='╨в╨░╨▒╨╗╨╕╤Ж╨░ ╨┤╤А╤Г╨╢╨▒╤Л';
/*!40101 SET character_set_client = @saved_cs_client */;

--
-- Dumping data for table `friendship`
--

LOCK TABLES `friendship` WRITE;
/*!40000 ALTER TABLE `friendship` DISABLE KEYS */;
INSERT INTO `friendship` VALUES (1,24,1,'2010-04-10 12:33:37','1995-03-29 04:13:08','2021-07-23 02:15:32'),(1,36,3,'2018-04-06 12:23:56','2018-04-04 12:23:56','2021-07-23 02:30:28'),(1,59,2,'2004-10-28 04:06:24','2004-10-26 04:06:24','2021-07-23 02:30:28'),(1,70,2,'2005-06-07 06:38:37','1978-06-17 21:39:24','2021-07-23 02:15:32'),(3,6,1,'2011-11-25 22:11:02','2011-11-23 22:11:02','2021-07-23 02:30:28'),(3,19,3,'1996-11-18 17:14:17','1996-11-16 17:14:17','2021-07-23 02:30:28'),(3,33,2,'2004-04-27 09:22:44','1980-05-18 16:32:01','2021-07-23 02:15:32'),(3,52,1,'1996-12-30 07:33:14','1996-12-28 07:33:14','2021-07-23 02:30:28'),(4,48,1,'1980-03-01 01:06:38','1980-02-28 01:06:38','2021-07-23 02:30:28'),(5,68,3,'2007-09-21 16:04:34','2007-09-19 16:04:34','2021-07-23 02:30:28'),(6,27,3,'2009-03-10 02:13:05','1989-11-19 18:42:11','2021-07-23 02:15:32'),(6,83,2,'1988-12-24 05:38:43','1988-12-22 05:38:43','2021-07-23 02:30:28'),(7,69,2,'1986-09-09 00:01:02','1984-05-19 02:30:44','2021-07-23 02:15:32'),(8,22,2,'1986-08-23 11:25:57','1986-08-21 11:25:57','2021-07-23 02:30:28'),(9,25,3,'1994-12-07 11:02:39','1984-10-16 04:00:38','2021-07-23 02:15:32'),(10,46,3,'1975-11-13 18:43:45','1975-11-11 18:43:45','2021-07-23 02:30:28'),(10,84,3,'2015-02-03 09:37:58','2015-02-01 09:37:58','2021-07-23 02:30:28'),(11,15,3,'2013-06-25 10:35:47','2011-08-27 07:22:04','2021-07-23 02:15:32'),(12,28,1,'2014-05-01 11:58:41','2004-02-01 16:11:07','2021-07-23 02:15:32'),(13,98,1,'2016-09-03 12:32:51','2016-09-01 12:32:51','2021-07-23 02:30:28'),(14,55,3,'1997-10-31 14:49:58','1997-10-29 14:49:58','2021-07-23 02:30:28'),(15,70,2,'2011-10-12 12:33:49','2011-10-10 12:33:49','2021-07-23 02:30:28'),(16,8,3,'2011-07-25 12:34:54','1973-11-12 13:21:58','2021-07-23 02:15:32'),(19,12,1,'1975-12-09 00:15:38','1970-12-11 02:30:57','2021-07-23 02:15:32'),(22,4,2,'2003-03-27 16:12:21','2001-11-11 19:43:05','2021-07-23 02:15:32'),(22,91,1,'2011-01-20 06:16:44','2011-01-18 06:16:44','2021-07-23 02:30:28'),(23,15,3,'2004-03-17 10:16:00','2004-03-15 10:16:00','2021-07-23 02:30:28'),(25,83,1,'2020-01-22 12:26:25','1999-01-18 23:16:31','2021-07-23 02:15:32'),(26,23,3,'2019-01-02 01:36:53','1997-04-07 10:49:55','2021-07-23 02:15:32'),(27,28,3,'2017-11-12 23:23:15','2017-11-10 23:23:15','2021-07-23 02:30:28'),(28,3,2,'2013-02-06 11:08:01','2000-12-29 07:35:54','2021-07-23 02:15:32'),(32,1,1,'2000-09-08 17:46:45','2000-09-06 17:46:45','2021-07-23 02:30:28'),(33,35,2,'2011-10-06 15:21:39','2011-10-04 15:21:39','2021-07-23 02:30:28'),(33,54,3,'2020-11-22 15:23:59','2020-11-20 15:23:59','2021-07-23 02:30:28'),(34,54,2,'1979-08-19 16:59:03','1979-08-17 16:59:03','2021-07-23 02:30:28'),(36,14,2,'2019-06-11 02:25:47','2019-06-09 02:25:47','2021-07-23 02:30:28'),(36,33,1,'2018-03-27 11:39:16','2018-03-25 11:39:16','2021-07-23 02:30:28'),(37,16,3,'2004-10-24 04:46:48','1973-02-07 14:37:58','2021-07-23 02:15:32'),(37,40,1,'2007-08-27 20:40:25','2007-08-25 20:40:25','2021-07-23 02:30:28'),(37,82,2,'2020-04-23 10:57:42','2020-04-21 10:57:42','2021-07-23 02:30:28'),(40,54,2,'1983-10-21 21:19:09','1983-06-27 08:30:38','2021-07-23 02:15:32'),(42,67,3,'2016-10-03 11:57:04','2016-10-01 11:57:04','2021-07-23 02:30:28'),(44,53,2,'1999-04-10 09:12:50','1984-07-11 07:12:41','2021-07-23 02:15:32'),(44,87,1,'1999-03-26 18:01:47','1999-03-24 18:01:47','2021-07-23 02:30:28'),(45,15,2,'2014-11-10 15:38:07','2014-11-08 15:38:07','2021-07-23 02:30:28'),(45,89,1,'2018-03-05 06:39:01','1976-11-16 22:31:51','2021-07-23 02:15:32'),(46,68,1,'1987-08-01 18:40:10','1987-07-30 18:40:10','2021-07-23 02:30:28'),(48,78,2,'1981-03-17 00:51:17','1976-09-13 23:31:23','2021-07-23 02:15:32'),(51,67,1,'1986-01-27 00:32:13','1971-04-01 20:35:09','2021-07-23 02:15:32'),(52,34,1,'1988-05-03 00:23:33','1972-11-10 00:13:01','2021-07-23 02:15:32'),(53,6,2,'1997-05-18 08:57:38','1997-05-16 08:57:38','2021-07-23 02:30:28'),(53,69,3,'2021-06-03 13:15:03','1979-11-28 10:32:15','2021-07-23 02:15:32'),(53,71,1,'2016-06-24 20:26:23','2016-06-22 20:26:23','2021-07-23 02:30:28'),(53,83,2,'1999-10-20 23:55:44','1999-10-18 23:55:44','2021-07-23 02:30:28'),(54,9,1,'2016-12-27 03:31:17','1981-09-16 18:33:50','2021-07-23 02:14:35'),(54,55,2,'2008-11-12 12:29:15','2008-11-10 12:29:15','2021-07-23 02:30:28'),(54,69,2,'2008-08-18 11:37:07','2008-08-16 11:37:07','2021-07-23 02:30:28'),(56,81,3,'2017-11-16 20:11:27','2017-11-14 20:11:27','2021-07-23 02:30:28'),(58,37,1,'1975-09-21 12:05:00','1973-03-20 20:21:39','2021-07-23 02:15:32'),(58,99,1,'1997-08-26 22:29:55','1988-11-14 16:02:03','2021-07-23 02:15:32'),(60,13,2,'1993-04-24 12:31:57','1974-07-29 16:36:39','2021-07-23 02:15:32'),(60,56,3,'1997-04-25 19:20:48','1980-07-01 09:36:26','2021-07-23 02:15:32'),(65,35,3,'2018-05-02 12:15:18','1985-09-05 18:04:27','2021-07-23 02:15:32'),(66,67,2,'1984-07-20 04:01:43','1984-07-18 04:01:43','2021-07-23 02:30:28'),(67,86,1,'2004-06-26 18:07:06','2004-06-24 18:07:06','2021-07-23 02:30:28'),(67,94,1,'2006-06-16 17:14:48','1971-10-07 02:20:36','2021-07-23 02:15:32'),(69,60,2,'2001-06-29 10:56:52','2001-06-27 10:56:52','2021-07-23 02:30:28'),(71,38,1,'1979-05-29 01:54:59','1976-09-18 13:04:33','2021-07-23 02:15:32'),(71,93,2,'2016-01-16 13:26:17','1974-08-10 19:29:46','2021-07-23 02:15:32'),(74,6,2,'2020-04-27 07:44:09','2020-04-25 07:44:09','2021-07-23 02:30:28'),(74,65,3,'1996-08-14 16:05:39','1974-03-26 09:19:09','2021-07-23 02:15:32'),(74,86,1,'2001-09-13 14:31:33','1981-12-12 17:57:25','2021-07-23 02:15:32'),(75,63,2,'2021-04-26 08:44:14','1991-01-18 22:46:12','2021-07-23 02:15:32'),(75,72,2,'2015-03-19 09:35:43','1998-04-19 01:47:03','2021-07-23 02:15:32'),(78,80,1,'1983-11-13 21:13:22','1983-11-11 21:13:22','2021-07-23 02:30:28'),(78,84,3,'1981-07-26 09:49:36','1971-03-22 18:40:12','2021-07-23 02:15:32'),(80,99,3,'1999-11-26 11:49:47','1986-06-18 09:01:47','2021-07-23 02:15:32'),(83,79,2,'2021-07-21 03:24:32','2010-05-16 00:23:26','2021-07-23 02:15:32'),(84,13,1,'1996-02-09 14:26:54','1996-02-07 14:26:54','2021-07-23 02:30:28'),(84,36,2,'2007-04-25 15:21:25','1994-12-14 09:35:39','2021-07-23 02:15:32'),(84,63,3,'1993-08-11 03:31:11','1993-08-09 03:31:11','2021-07-23 02:30:28'),(84,91,3,'1984-07-27 00:45:46','1974-09-21 02:44:48','2021-07-23 02:15:32'),(85,73,2,'2007-12-22 16:48:13','2007-12-20 16:48:13','2021-07-23 02:30:28'),(86,21,3,'1994-02-26 11:00:37','1981-09-04 07:58:33','2021-07-23 02:15:32'),(86,42,2,'2015-12-23 10:44:15','1978-04-05 01:03:03','2021-07-23 02:15:32'),(86,63,1,'2001-03-12 19:10:32','1978-12-18 10:32:42','2021-07-23 02:15:32'),(87,62,3,'1982-06-27 21:26:33','1975-01-16 06:36:01','2021-07-23 02:15:32'),(88,22,3,'1999-11-26 12:24:34','1999-11-24 12:24:34','2021-07-23 02:30:28'),(88,68,1,'2013-09-02 07:05:14','2012-07-05 14:58:38','2021-07-23 02:15:32'),(88,91,2,'2018-11-03 11:52:07','2018-11-01 11:52:07','2021-07-23 02:30:28'),(88,93,1,'2011-02-18 10:13:39','2011-02-16 10:13:39','2021-07-23 02:30:28'),(91,77,1,'1990-09-26 10:30:15','1972-10-10 07:34:09','2021-07-23 02:15:32'),(94,43,3,'2021-05-22 07:06:41','2021-05-20 07:06:41','2021-07-23 02:30:28'),(94,56,1,'1998-08-22 21:35:42','1985-01-14 04:22:11','2021-07-23 02:15:32'),(95,94,2,'2015-08-29 22:54:41','1979-03-27 16:00:35','2021-07-23 02:15:32'),(97,16,1,'1999-03-15 05:35:58','1999-03-13 05:35:58','2021-07-23 02:30:28'),(98,54,2,'1989-09-11 09:00:36','1989-09-09 09:00:36','2021-07-23 02:30:28'),(99,45,3,'2004-06-24 20:59:59','1974-07-20 19:50:01','2021-07-23 02:15:32'),(100,22,1,'1986-03-24 07:32:15','1980-06-26 04:47:30','2021-07-23 02:15:32'),(100,95,3,'2000-08-11 10:20:58','1990-04-23 02:58:43','2021-07-23 02:15:32');
/*!40000 ALTER TABLE `friendship` ENABLE KEYS */;
UNLOCK TABLES;

--
-- Table structure for table `friendship_statuses`
--

DROP TABLE IF EXISTS `friendship_statuses`;
/*!40101 SET @saved_cs_client     = @@character_set_client */;
/*!50503 SET character_set_client = utf8mb4 */;
CREATE TABLE `friendship_statuses` (
  `id` int unsigned NOT NULL AUTO_INCREMENT COMMENT '╨Ш╨┤╨╡╨╜╤В╨╕╤Д╨╕╨║╨░╤В╨╛╤А ╤Б╤В╤А╨╛╨║╨╕',
  `name` varchar(150) CHARACTER SET utf8mb4 COLLATE utf8mb4_unicode_ci NOT NULL COMMENT '╨Э╨░╨╖╨▓╨░╨╜╨╕╨╡ ╤Б╤В╨░╤В╤Г╤Б╨░',
  `created_at` datetime DEFAULT CURRENT_TIMESTAMP COMMENT '╨Т╤А╨╡╨╝╤П ╤Б╨╛╨╖╨┤╨░╨╜╨╕╤П ╤Б╤В╤А╨╛╨║╨╕',
  `updated_at` datetime DEFAULT CURRENT_TIMESTAMP ON UPDATE CURRENT_TIMESTAMP COMMENT '╨Т╤А╨╡╨╝╤П ╨╕╨╖╨╝╨╡╨╜╨╡╨╜╨╕╤П ╤Б╤В╤А╨╛╨║╨╕',
  PRIMARY KEY (`id`),
  UNIQUE KEY `name` (`name`)
) ENGINE=InnoDB AUTO_INCREMENT=7 DEFAULT CHARSET=utf8mb4 COLLATE=utf8mb4_unicode_ci COMMENT='╨б╤В╨░╤В╤Г╤Б╤Л ╨┤╤А╤Г╨╢╨▒╤Л';
/*!40101 SET character_set_client = @saved_cs_client */;

--
-- Dumping data for table `friendship_statuses`
--

LOCK TABLES `friendship_statuses` WRITE;
/*!40000 ALTER TABLE `friendship_statuses` DISABLE KEYS */;
INSERT INTO `friendship_statuses` VALUES (1,'requested','2021-07-23 02:15:26','2021-07-23 02:15:26'),(2,'confirmed','2021-07-23 02:15:26','2021-07-23 02:15:26'),(3,'rejected','2021-07-23 02:15:26','2021-07-23 02:15:26');
/*!40000 ALTER TABLE `friendship_statuses` ENABLE KEYS */;
UNLOCK TABLES;

--
-- Table structure for table `likes`
--

DROP TABLE IF EXISTS `likes`;
/*!40101 SET @saved_cs_client     = @@character_set_client */;
/*!50503 SET character_set_client = utf8mb4 */;
CREATE TABLE `likes` (
  `id` int unsigned NOT NULL AUTO_INCREMENT,
  `user_id` int unsigned NOT NULL,
  `target_id` int unsigned NOT NULL,
  `target_type` enum('messages','users','posts','media') NOT NULL,
  `created_at` datetime DEFAULT CURRENT_TIMESTAMP,
  PRIMARY KEY (`id`)
) ENGINE=InnoDB AUTO_INCREMENT=101 DEFAULT CHARSET=utf8mb4 COLLATE=utf8mb4_0900_ai_ci;
/*!40101 SET character_set_client = @saved_cs_client */;

--
-- Dumping data for table `likes`
--

LOCK TABLES `likes` WRITE;
/*!40000 ALTER TABLE `likes` DISABLE KEYS */;
INSERT INTO `likes` VALUES (1,47,97,'messages','2021-07-22 23:58:07'),(2,69,54,'posts','2021-07-22 23:58:07'),(3,78,82,'users','2021-07-22 23:58:07'),(4,74,22,'posts','2021-07-22 23:58:07'),(5,48,55,'media','2021-07-22 23:58:07'),(6,86,40,'users','2021-07-22 23:58:07'),(7,77,53,'media','2021-07-22 23:58:07'),(8,30,100,'media','2021-07-22 23:58:07'),(9,2,100,'posts','2021-07-22 23:58:07'),(10,50,42,'posts','2021-07-22 23:58:07'),(11,27,100,'media','2021-07-22 23:58:07'),(12,77,23,'posts','2021-07-22 23:58:07'),(13,27,20,'media','2021-07-22 23:58:07'),(14,59,39,'posts','2021-07-22 23:58:07'),(15,44,84,'users','2021-07-22 23:58:07'),(16,34,89,'users','2021-07-22 23:58:07'),(17,45,96,'posts','2021-07-22 23:58:07'),(18,75,94,'messages','2021-07-22 23:58:07'),(19,91,86,'messages','2021-07-22 23:58:07'),(20,10,7,'media','2021-07-22 23:58:07'),(21,62,11,'messages','2021-07-22 23:58:07'),(22,15,83,'users','2021-07-22 23:58:07'),(23,3,47,'users','2021-07-22 23:58:07'),(24,20,68,'posts','2021-07-22 23:58:07'),(25,76,98,'messages','2021-07-22 23:58:07'),(26,67,89,'posts','2021-07-22 23:58:07'),(27,67,31,'media','2021-07-22 23:58:07'),(28,91,23,'posts','2021-07-22 23:58:07'),(29,27,53,'messages','2021-07-22 23:58:07'),(30,11,42,'messages','2021-07-22 23:58:07'),(31,46,15,'media','2021-07-22 23:58:07'),(32,4,20,'posts','2021-07-22 23:58:07'),(33,42,55,'users','2021-07-22 23:58:07'),(34,59,54,'users','2021-07-22 23:58:07'),(35,8,93,'messages','2021-07-22 23:58:07'),(36,80,63,'posts','2021-07-22 23:58:07'),(37,42,24,'users','2021-07-22 23:58:07'),(38,50,90,'messages','2021-07-22 23:58:07'),(39,92,30,'posts','2021-07-22 23:58:07'),(40,26,28,'messages','2021-07-22 23:58:07'),(41,46,66,'messages','2021-07-22 23:58:07'),(42,85,21,'media','2021-07-22 23:58:07'),(43,54,13,'media','2021-07-22 23:58:07'),(44,60,32,'posts','2021-07-22 23:58:07'),(45,57,56,'media','2021-07-22 23:58:07'),(46,81,17,'users','2021-07-22 23:58:07'),(47,66,19,'messages','2021-07-22 23:58:07'),(48,44,81,'users','2021-07-22 23:58:07'),(49,58,83,'posts','2021-07-22 23:58:07'),(50,32,11,'users','2021-07-22 23:58:07'),(51,93,39,'posts','2021-07-22 23:58:07'),(52,15,59,'posts','2021-07-22 23:58:07'),(53,9,63,'users','2021-07-22 23:58:07'),(54,77,77,'posts','2021-07-22 23:58:07'),(55,68,23,'posts','2021-07-22 23:58:07'),(56,46,78,'messages','2021-07-22 23:58:07'),(57,37,26,'media','2021-07-22 23:58:07'),(58,29,91,'posts','2021-07-22 23:58:07'),(59,4,36,'messages','2021-07-22 23:58:07'),(60,29,28,'posts','2021-07-22 23:58:07'),(61,94,88,'messages','2021-07-22 23:58:07'),(62,19,54,'media','2021-07-22 23:58:07'),(63,33,26,'media','2021-07-22 23:58:07'),(64,53,65,'messages','2021-07-22 23:58:07'),(65,50,92,'media','2021-07-22 23:58:07'),(66,63,86,'posts','2021-07-22 23:58:07'),(67,32,21,'users','2021-07-22 23:58:07'),(68,88,27,'users','2021-07-22 23:58:07'),(69,9,53,'messages','2021-07-22 23:58:07'),(70,51,39,'posts','2021-07-22 23:58:07'),(71,35,14,'posts','2021-07-22 23:58:07'),(72,25,32,'messages','2021-07-22 23:58:07'),(73,64,23,'posts','2021-07-22 23:58:07'),(74,44,25,'users','2021-07-22 23:58:07'),(75,35,94,'posts','2021-07-22 23:58:07'),(76,95,91,'media','2021-07-22 23:58:07'),(77,30,53,'messages','2021-07-22 23:58:07'),(78,86,55,'messages','2021-07-22 23:58:07'),(79,95,24,'messages','2021-07-22 23:58:07'),(80,60,67,'posts','2021-07-22 23:58:07'),(81,51,11,'posts','2021-07-22 23:58:07'),(82,65,19,'media','2021-07-22 23:58:07'),(83,99,65,'media','2021-07-22 23:58:07'),(84,41,37,'posts','2021-07-22 23:58:07'),(85,76,96,'posts','2021-07-22 23:58:07'),(86,52,76,'media','2021-07-22 23:58:07'),(87,12,44,'users','2021-07-22 23:58:07'),(88,4,100,'posts','2021-07-22 23:58:07'),(89,13,40,'users','2021-07-22 23:58:07'),(90,46,91,'media','2021-07-22 23:58:07'),(91,30,26,'messages','2021-07-22 23:58:07'),(92,96,91,'posts','2021-07-22 23:58:07'),(93,83,48,'messages','2021-07-22 23:58:07'),(94,10,67,'media','2021-07-22 23:58:07'),(95,32,96,'messages','2021-07-22 23:58:07'),(96,95,58,'media','2021-07-22 23:58:07'),(97,44,57,'posts','2021-07-22 23:58:07'),(98,53,14,'media','2021-07-22 23:58:07'),(99,72,5,'media','2021-07-22 23:58:07'),(100,33,9,'messages','2021-07-22 23:58:07');
/*!40000 ALTER TABLE `likes` ENABLE KEYS */;
UNLOCK TABLES;

--
-- Table structure for table `media`
--

DROP TABLE IF EXISTS `media`;
/*!40101 SET @saved_cs_client     = @@character_set_client */;
/*!50503 SET character_set_client = utf8mb4 */;
CREATE TABLE `media` (
  `id` int unsigned NOT NULL AUTO_INCREMENT COMMENT '╨Ш╨┤╨╡╨╜╤В╨╕╤Д╨╕╨║╨░╤В╨╛╤А ╤Б╤В╤А╨╛╨║╨╕',
  `user_id` int unsigned NOT NULL COMMENT '╨б╤Б╤Л╨╗╨║╨░ ╨╜╨░ ╨┐╨╛╨╗╤М╨╖╨╛╨▓╨░╤В╨╡╨╗╤Б╤П, ╨║╨╛╤В╨╛╤А╤Л╨╣ ╨╖╨░╨│╤А╤Г╨╖╨╕╨╗ ╤Д╨░╨╣╨╗',
  `filename` varchar(255) CHARACTER SET utf8mb4 COLLATE utf8mb4_unicode_ci NOT NULL COMMENT '╨Я╤Г╤В╤М ╨║ ╤Д╨░╨╣╨╗╤Г',
  `size` int unsigned NOT NULL COMMENT '╨а╨░╨╖╨╝╨╡╤А ╤Д╨░╨╣╨╗╨░',
  `metadata` json DEFAULT NULL,
  `media_type_id` int unsigned NOT NULL COMMENT '╨б╤Б╤Л╨╗╨║╨░ ╨╜╨░ ╤В╨╕╨┐ ╨║╨╛╨╜╤В╨╡╨╜╤В╨░',
  `created_at` datetime DEFAULT CURRENT_TIMESTAMP COMMENT '╨Т╤А╨╡╨╝╤П ╤Б╨╛╨╖╨┤╨░╨╜╨╕╤П ╤Б╤В╤А╨╛╨║╨╕',
  `updated_at` datetime DEFAULT CURRENT_TIMESTAMP ON UPDATE CURRENT_TIMESTAMP COMMENT '╨Т╤А╨╡╨╝╤П ╨╕╨╖╨╝╨╡╨╜╨╡╨╜╨╕╤П ╤Б╤В╤А╨╛╨║╨╕',
  PRIMARY KEY (`id`),
  CONSTRAINT `media_chk_1` CHECK (json_valid(`metadata`))
) ENGINE=InnoDB AUTO_INCREMENT=101 DEFAULT CHARSET=utf8mb4 COLLATE=utf8mb4_unicode_ci COMMENT='╨Ь╨╡╨┤╨╕╨░╤Д╨░╨╣╨╗╤Л';
/*!40101 SET character_set_client = @saved_cs_client */;

--
-- Dumping data for table `media`
--

LOCK TABLES `media` WRITE;
/*!40000 ALTER TABLE `media` DISABLE KEYS */;
INSERT INTO `media` VALUES (1,54,'https://dropbox.net/vk/id.avi',237412,'{\"owner\": \"Catherine Ledner\"}',3,'2019-09-24 17:26:54','2021-07-23 02:12:55'),(2,100,'https://dropbox.net/vk/rem.mp3',816371,'{\"owner\": \"Glen Ullrich\"}',1,'1970-03-30 13:56:20','2021-07-23 02:12:55'),(3,37,'https://dropbox.net/vk/facilis.avi',359620,'{\"owner\": \"Helen Gutmann\"}',2,'1982-07-12 10:45:44','2021-07-23 02:12:55'),(4,85,'https://dropbox.net/vk/similique.avi',338985,'{\"owner\": \"Ryan Ernser\"}',3,'1978-07-22 07:50:20','2021-07-23 02:12:55'),(5,15,'https://dropbox.net/vk/quo.avi',606069,'{\"owner\": \"Violette O\'Keefe\"}',1,'1984-10-29 01:02:25','2021-07-23 02:12:55'),(6,16,'https://dropbox.net/vk/non.mpeg4',1003387,'{\"owner\": \"Elenor Streich\"}',2,'1988-06-07 04:35:01','2021-07-23 02:12:55'),(7,38,'https://dropbox.net/vk/distinctio.avi',188731,'{\"owner\": \"Norma Goyette\"}',1,'1998-12-08 14:16:48','2021-07-23 02:12:55'),(8,39,'https://dropbox.net/vk/ut.png',923492,'{\"owner\": \"Charlotte Gutmann\"}',2,'1977-02-19 14:21:13','2021-07-23 02:12:55'),(9,81,'https://dropbox.net/vk/ab.avi',41269,'{\"owner\": \"Jamey Boehm\"}',2,'1990-12-29 06:29:20','2021-07-23 02:12:55'),(10,87,'https://dropbox.net/vk/alias.avi',425870,'{\"owner\": \"Rebecca Harris\"}',2,'1990-11-14 14:43:07','2021-07-23 02:12:55'),(11,92,'https://dropbox.net/vk/nemo.png',995544,'{\"owner\": \"Sabina Lindgren\"}',3,'1996-05-05 06:57:37','2021-07-23 02:12:55'),(12,97,'https://dropbox.net/vk/laborum.avi',690110,'{\"owner\": \"Newton Wilderman\"}',2,'2020-01-16 08:07:05','2021-07-23 02:12:55'),(13,9,'https://dropbox.net/vk/quo.avi',453919,'{\"owner\": \"Gaetano Rogahn\"}',2,'2019-10-19 23:25:02','2021-07-23 02:12:55'),(14,55,'https://dropbox.net/vk/quaerat.mp3',189264,'{\"owner\": \"Reese Hermann\"}',3,'2009-05-29 17:58:48','2021-07-23 02:12:55'),(15,46,'https://dropbox.net/vk/sed.png',574566,'{\"owner\": \"Adrain Jerde\"}',3,'2007-05-11 18:47:53','2021-07-23 02:12:55'),(16,65,'https://dropbox.net/vk/hic.mpeg4',295038,'{\"owner\": \"Madie Fisher\"}',2,'1982-06-10 20:57:38','2021-07-23 02:12:55'),(17,86,'https://dropbox.net/vk/molestiae.png',741491,'{\"owner\": \"Leola Hauck\"}',2,'2001-02-25 14:29:43','2021-07-23 02:12:55'),(18,36,'https://dropbox.net/vk/et.mp3',812344,'{\"owner\": \"Zelma Bogisich\"}',2,'1985-12-12 11:32:52','2021-07-23 02:12:55'),(19,19,'https://dropbox.net/vk/et.avi',827248,'{\"owner\": \"Malinda Cruickshank\"}',1,'1995-09-13 06:39:56','2021-07-23 02:12:55'),(20,89,'https://dropbox.net/vk/odio.avi',689208,'{\"owner\": \"Bernardo Labadie\"}',2,'1989-09-30 06:15:31','2021-07-23 02:12:55'),(21,88,'https://dropbox.net/vk/nam.png',954297,'{\"owner\": \"Emmie O\'Conner\"}',3,'1979-02-02 00:33:06','2021-07-23 02:12:55'),(22,70,'https://dropbox.net/vk/quasi.mp3',693862,'{\"owner\": \"Jaylen Carter\"}',3,'1981-04-28 22:32:41','2021-07-23 02:12:55'),(23,85,'https://dropbox.net/vk/accusantium.mpeg4',596418,'{\"owner\": \"Ryan Ernser\"}',1,'2007-09-17 12:03:08','2021-07-23 02:12:55'),(24,15,'https://dropbox.net/vk/qui.mpeg4',890507,'{\"owner\": \"Violette O\'Keefe\"}',1,'1997-12-12 18:09:25','2021-07-23 02:12:55'),(25,21,'https://dropbox.net/vk/animi.png',653281,'{\"owner\": \"Cayla Rosenbaum\"}',1,'1997-08-08 16:03:27','2021-07-23 02:12:55'),(26,60,'https://dropbox.net/vk/quo.mp3',584882,'{\"owner\": \"Monte Quigley\"}',3,'2006-03-31 05:56:19','2021-07-23 02:12:55'),(27,34,'https://dropbox.net/vk/ipsam.mpeg4',954570,'{\"owner\": \"Marilie Beatty\"}',3,'2018-03-29 06:04:25','2021-07-23 02:12:55'),(28,88,'https://dropbox.net/vk/sint.mp3',1008203,'{\"owner\": \"Emmie O\'Conner\"}',1,'1992-06-03 15:04:44','2021-07-23 02:12:55'),(29,41,'https://dropbox.net/vk/minus.mpeg4',167308,'{\"owner\": \"Gilberto Howe\"}',2,'1991-06-17 16:16:26','2021-07-23 02:12:55'),(30,41,'https://dropbox.net/vk/vitae.mp3',801930,'{\"owner\": \"Gilberto Howe\"}',2,'2001-11-12 07:42:46','2021-07-23 02:12:55'),(31,81,'https://dropbox.net/vk/dolorem.mp3',497725,'{\"owner\": \"Jamey Boehm\"}',3,'1988-11-20 19:34:31','2021-07-23 02:12:55'),(32,80,'https://dropbox.net/vk/et.mp3',72836,'{\"owner\": \"Dahlia Klocko\"}',2,'1990-08-18 19:54:19','2021-07-23 02:12:55'),(33,59,'https://dropbox.net/vk/ex.png',861006,'{\"owner\": \"Viva Dietrich\"}',2,'1992-07-03 21:10:24','2021-07-23 02:12:55'),(34,54,'https://dropbox.net/vk/adipisci.png',76525,'{\"owner\": \"Catherine Ledner\"}',1,'1988-06-28 05:18:38','2021-07-23 02:12:55'),(35,91,'https://dropbox.net/vk/sequi.avi',789604,'{\"owner\": \"Raquel Gorczany\"}',1,'1976-08-18 00:17:29','2021-07-23 02:12:55'),(36,94,'https://dropbox.net/vk/qui.avi',708446,'{\"owner\": \"Adrienne Armstrong\"}',1,'2012-08-18 03:47:23','2021-07-23 02:12:55'),(37,97,'https://dropbox.net/vk/omnis.mpeg4',163419,'{\"owner\": \"Newton Wilderman\"}',1,'2010-11-27 00:15:16','2021-07-23 02:12:55'),(38,2,'https://dropbox.net/vk/animi.avi',681759,'{\"owner\": \"Newton Jacobs\"}',3,'1987-03-07 02:37:46','2021-07-23 02:12:55'),(39,18,'https://dropbox.net/vk/nisi.png',908536,'{\"owner\": \"Kiera Bergnaum\"}',3,'2007-01-07 03:41:55','2021-07-23 02:12:55'),(40,83,'https://dropbox.net/vk/nemo.avi',487403,'{\"owner\": \"Ava Graham\"}',1,'1981-07-02 21:57:41','2021-07-23 02:12:55'),(41,62,'https://dropbox.net/vk/est.mpeg4',701410,'{\"owner\": \"Gerardo Reichert\"}',1,'2017-11-01 18:32:47','2021-07-23 02:12:55'),(42,60,'https://dropbox.net/vk/mollitia.mp3',34842,'{\"owner\": \"Monte Quigley\"}',1,'1971-11-04 23:56:38','2021-07-23 02:12:55'),(43,14,'https://dropbox.net/vk/aut.avi',59978,'{\"owner\": \"Kade Gibson\"}',3,'1974-05-26 21:25:23','2021-07-23 02:12:55'),(44,89,'https://dropbox.net/vk/consequatur.avi',185366,'{\"owner\": \"Bernardo Labadie\"}',2,'1990-08-14 08:38:56','2021-07-23 02:12:55'),(45,3,'https://dropbox.net/vk/facilis.mp3',736894,'{\"owner\": \"Zola Considine\"}',3,'1974-01-25 19:56:06','2021-07-23 02:12:55'),(46,46,'https://dropbox.net/vk/deleniti.mpeg4',118375,'{\"owner\": \"Adrain Jerde\"}',2,'2008-12-17 17:23:56','2021-07-23 02:12:55'),(47,20,'https://dropbox.net/vk/qui.avi',371192,'{\"owner\": \"Aliyah Turner\"}',2,'2018-09-19 22:04:16','2021-07-23 02:12:55'),(48,62,'https://dropbox.net/vk/ducimus.mp3',490836,'{\"owner\": \"Gerardo Reichert\"}',1,'1970-07-05 13:16:51','2021-07-23 02:12:55'),(49,49,'https://dropbox.net/vk/qui.mp3',330605,'{\"owner\": \"Aditya Bergnaum\"}',2,'1996-06-22 16:13:33','2021-07-23 02:12:55'),(50,61,'https://dropbox.net/vk/odio.png',170517,'{\"owner\": \"Olaf Borer\"}',3,'1991-03-19 14:46:04','2021-07-23 02:12:55'),(51,55,'https://dropbox.net/vk/dolorem.png',850772,'{\"owner\": \"Reese Hermann\"}',2,'1972-09-22 03:02:08','2021-07-23 02:12:55'),(52,93,'https://dropbox.net/vk/tenetur.png',732309,'{\"owner\": \"Marilyne Altenwerth\"}',3,'1995-08-08 21:02:05','2021-07-23 02:12:55'),(53,100,'https://dropbox.net/vk/praesentium.avi',99231,'{\"owner\": \"Glen Ullrich\"}',2,'1995-05-17 04:08:24','2021-07-23 02:12:55'),(54,20,'https://dropbox.net/vk/excepturi.avi',289228,'{\"owner\": \"Aliyah Turner\"}',1,'2015-10-30 23:57:17','2021-07-23 02:12:55'),(55,99,'https://dropbox.net/vk/consequatur.mp3',138448,'{\"owner\": \"Ophelia Shanahan\"}',1,'1984-03-28 05:17:56','2021-07-23 02:12:55'),(56,35,'https://dropbox.net/vk/et.png',814556,'{\"owner\": \"Dorris Franecki\"}',2,'1979-03-27 07:42:59','2021-07-23 02:12:55'),(57,76,'https://dropbox.net/vk/et.avi',647434,'{\"owner\": \"Kyla Schmitt\"}',2,'1981-12-25 09:10:19','2021-07-23 02:12:55'),(58,78,'https://dropbox.net/vk/consequatur.mpeg4',783506,'{\"owner\": \"Maeve Shanahan\"}',1,'1978-06-07 08:49:56','2021-07-23 02:12:55'),(59,58,'https://dropbox.net/vk/porro.png',965226,'{\"owner\": \"Reta Weber\"}',3,'1996-04-17 17:40:14','2021-07-23 02:12:55'),(60,56,'https://dropbox.net/vk/provident.avi',465611,'{\"owner\": \"Guillermo Kemmer\"}',1,'1970-11-22 15:35:06','2021-07-23 02:12:55'),(61,4,'https://dropbox.net/vk/qui.avi',422381,'{\"owner\": \"Milan Cruickshank\"}',2,'1989-09-09 05:40:45','2021-07-23 02:12:55'),(62,53,'https://dropbox.net/vk/modi.mpeg4',705072,'{\"owner\": \"Ted Mraz\"}',1,'2015-07-30 06:23:53','2021-07-23 02:12:55'),(63,53,'https://dropbox.net/vk/expedita.avi',248218,'{\"owner\": \"Ted Mraz\"}',2,'2020-11-29 18:49:37','2021-07-23 02:12:55'),(64,6,'https://dropbox.net/vk/debitis.avi',115874,'{\"owner\": \"Samson Vandervort\"}',3,'2005-12-28 23:04:15','2021-07-23 02:12:55'),(65,70,'https://dropbox.net/vk/aut.mpeg4',824715,'{\"owner\": \"Jaylen Carter\"}',1,'1971-07-31 00:34:48','2021-07-23 02:12:55'),(66,32,'https://dropbox.net/vk/non.mp3',765953,'{\"owner\": \"Kirsten Gaylord\"}',1,'1975-02-17 06:38:56','2021-07-23 02:12:55'),(67,49,'https://dropbox.net/vk/quia.mp3',345622,'{\"owner\": \"Aditya Bergnaum\"}',3,'2002-08-04 08:06:53','2021-07-23 02:12:55'),(68,48,'https://dropbox.net/vk/officiis.avi',420252,'{\"owner\": \"Adan Harvey\"}',2,'1987-09-12 08:12:04','2021-07-23 02:12:55'),(69,93,'https://dropbox.net/vk/inventore.mp3',54394,'{\"owner\": \"Marilyne Altenwerth\"}',1,'2001-05-25 17:46:09','2021-07-23 02:12:55'),(70,21,'https://dropbox.net/vk/eos.png',1001216,'{\"owner\": \"Cayla Rosenbaum\"}',1,'1978-01-07 00:10:24','2021-07-23 02:12:55'),(71,26,'https://dropbox.net/vk/soluta.avi',832900,'{\"owner\": \"Tyra Okuneva\"}',3,'2020-03-21 05:44:39','2021-07-23 02:12:55'),(72,66,'https://dropbox.net/vk/quam.png',150849,'{\"owner\": \"Sarina Okuneva\"}',2,'2012-01-30 05:09:43','2021-07-23 02:12:55'),(73,51,'https://dropbox.net/vk/quos.png',245548,'{\"owner\": \"Elvera Lind\"}',3,'2007-08-18 12:02:45','2021-07-23 02:12:55'),(74,58,'https://dropbox.net/vk/exercitationem.mp3',765193,'{\"owner\": \"Reta Weber\"}',1,'1978-05-09 18:28:14','2021-07-23 02:12:55'),(75,34,'https://dropbox.net/vk/et.png',79322,'{\"owner\": \"Marilie Beatty\"}',1,'1976-09-13 08:35:48','2021-07-23 02:12:55'),(76,96,'https://dropbox.net/vk/vero.avi',91032,'{\"owner\": \"Enrico Ratke\"}',2,'2001-05-16 05:13:27','2021-07-23 02:12:55'),(77,79,'https://dropbox.net/vk/sit.png',207194,'{\"owner\": \"Pete Collier\"}',3,'2018-06-23 13:38:56','2021-07-23 02:12:55'),(78,6,'https://dropbox.net/vk/saepe.mp3',752876,'{\"owner\": \"Samson Vandervort\"}',2,'2001-04-12 03:00:43','2021-07-23 02:12:55'),(79,91,'https://dropbox.net/vk/similique.mp3',132799,'{\"owner\": \"Raquel Gorczany\"}',3,'1971-03-11 21:17:45','2021-07-23 02:12:55'),(80,36,'https://dropbox.net/vk/omnis.mpeg4',395367,'{\"owner\": \"Zelma Bogisich\"}',3,'1972-01-10 21:34:13','2021-07-23 02:12:55'),(81,9,'https://dropbox.net/vk/voluptas.mp3',568439,'{\"owner\": \"Gaetano Rogahn\"}',3,'1973-03-10 02:05:01','2021-07-23 02:12:55'),(82,36,'https://dropbox.net/vk/reiciendis.mp3',646092,'{\"owner\": \"Zelma Bogisich\"}',2,'1980-06-13 23:49:16','2021-07-23 02:12:55'),(83,52,'https://dropbox.net/vk/odit.png',515146,'{\"owner\": \"Myrtle Hettinger\"}',2,'2000-05-17 07:50:08','2021-07-23 02:12:55'),(84,50,'https://dropbox.net/vk/quia.png',627455,'{\"owner\": \"Nova Kautzer\"}',3,'1995-12-10 12:01:51','2021-07-23 02:12:55'),(85,96,'https://dropbox.net/vk/ipsa.png',581839,'{\"owner\": \"Enrico Ratke\"}',3,'1979-12-25 01:18:58','2021-07-23 02:12:55'),(86,28,'https://dropbox.net/vk/hic.png',16827,'{\"owner\": \"Elizabeth Rippin\"}',1,'2019-06-11 13:41:13','2021-07-23 02:12:55'),(87,54,'https://dropbox.net/vk/est.png',328619,'{\"owner\": \"Catherine Ledner\"}',2,'1996-11-18 22:41:49','2021-07-23 02:12:55'),(88,83,'https://dropbox.net/vk/nostrum.mp3',582616,'{\"owner\": \"Ava Graham\"}',1,'1999-05-18 09:37:05','2021-07-23 02:12:55'),(89,54,'https://dropbox.net/vk/et.avi',917222,'{\"owner\": \"Catherine Ledner\"}',1,'1976-04-20 14:48:05','2021-07-23 02:12:55'),(90,21,'https://dropbox.net/vk/sint.png',828263,'{\"owner\": \"Cayla Rosenbaum\"}',2,'2020-09-10 06:22:24','2021-07-23 02:12:55'),(91,43,'https://dropbox.net/vk/facere.avi',379651,'{\"owner\": \"Agustin Johnston\"}',1,'1977-10-07 15:15:04','2021-07-23 02:12:55'),(92,52,'https://dropbox.net/vk/quia.mpeg4',403467,'{\"owner\": \"Myrtle Hettinger\"}',1,'2008-02-05 21:51:43','2021-07-23 02:12:55'),(93,30,'https://dropbox.net/vk/molestiae.avi',868380,'{\"owner\": \"Ayden Lebsack\"}',2,'1971-08-16 22:13:26','2021-07-23 02:12:55'),(94,93,'https://dropbox.net/vk/impedit.mpeg4',121500,'{\"owner\": \"Marilyne Altenwerth\"}',1,'1971-02-18 20:16:24','2021-07-23 02:12:55'),(95,75,'https://dropbox.net/vk/magni.png',992363,'{\"owner\": \"Beatrice Stoltenberg\"}',1,'2014-09-12 04:27:49','2021-07-23 02:12:55'),(96,95,'https://dropbox.net/vk/voluptatem.mpeg4',587313,'{\"owner\": \"Jamar Waelchi\"}',2,'1979-01-03 04:08:25','2021-07-23 02:12:55'),(97,50,'https://dropbox.net/vk/aut.mpeg4',949478,'{\"owner\": \"Nova Kautzer\"}',3,'2009-03-12 10:52:04','2021-07-23 02:12:55'),(98,64,'https://dropbox.net/vk/deserunt.mp3',975453,'{\"owner\": \"Frank Rolfson\"}',1,'2013-07-22 09:32:01','2021-07-23 02:12:55'),(99,71,'https://dropbox.net/vk/aperiam.mp3',18831,'{\"owner\": \"Magdalen Orn\"}',1,'2010-03-04 12:51:15','2021-07-23 02:12:55'),(100,61,'https://dropbox.net/vk/qui.png',157795,'{\"owner\": \"Olaf Borer\"}',2,'1992-08-17 08:32:42','2021-07-23 02:12:55');
/*!40000 ALTER TABLE `media` ENABLE KEYS */;
UNLOCK TABLES;

--
-- Table structure for table `media_types`
--

DROP TABLE IF EXISTS `media_types`;
/*!40101 SET @saved_cs_client     = @@character_set_client */;
/*!50503 SET character_set_client = utf8mb4 */;
CREATE TABLE `media_types` (
  `id` int unsigned NOT NULL AUTO_INCREMENT COMMENT '╨Ш╨┤╨╡╨╜╤В╨╕╤Д╨╕╨║╨░╤В╨╛╤А ╤Б╤В╤А╨╛╨║╨╕',
  `name` varchar(255) CHARACTER SET utf8mb4 COLLATE utf8mb4_unicode_ci NOT NULL COMMENT '╨Э╨░╨╖╨▓╨░╨╜╨╕╨╡ ╤В╨╕╨┐╨░',
  `created_at` datetime DEFAULT CURRENT_TIMESTAMP COMMENT '╨Т╤А╨╡╨╝╤П ╤Б╨╛╨╖╨┤╨░╨╜╨╕╤П ╤Б╤В╤А╨╛╨║╨╕',
  `updated_at` datetime DEFAULT CURRENT_TIMESTAMP ON UPDATE CURRENT_TIMESTAMP COMMENT '╨Т╤А╨╡╨╝╤П ╨╕╨╖╨╝╨╡╨╜╨╡╨╜╨╕╤П ╤Б╤В╤А╨╛╨║╨╕',
  PRIMARY KEY (`id`),
  UNIQUE KEY `name` (`name`)
) ENGINE=InnoDB AUTO_INCREMENT=4 DEFAULT CHARSET=utf8mb4 COLLATE=utf8mb4_unicode_ci COMMENT='╨в╨╕╨┐╤Л ╨╝╨╡╨┤╨╕╨░╤Д╨░╨╣╨╗╨╛╨▓';
/*!40101 SET character_set_client = @saved_cs_client */;

--
-- Dumping data for table `media_types`
--

LOCK TABLES `media_types` WRITE;
/*!40000 ALTER TABLE `media_types` DISABLE KEYS */;
INSERT INTO `media_types` VALUES (1,'photo','2021-07-23 02:12:50','2021-07-23 02:12:50'),(2,'video','2021-07-23 02:12:50','2021-07-23 02:12:50'),(3,'audio','2021-07-23 02:12:50','2021-07-23 02:12:50');
/*!40000 ALTER TABLE `media_types` ENABLE KEYS */;
UNLOCK TABLES;

--
-- Table structure for table `messages`
--

DROP TABLE IF EXISTS `messages`;
/*!40101 SET @saved_cs_client     = @@character_set_client */;
/*!50503 SET character_set_client = utf8mb4 */;
CREATE TABLE `messages` (
  `id` int unsigned NOT NULL AUTO_INCREMENT COMMENT '╨Ш╨┤╨╡╨╜╤В╨╕╤Д╨╕╨║╨░╤В╨╛╤А ╤Б╤В╤А╨╛╨║╨╕',
  `from_user_id` int unsigned NOT NULL COMMENT '╨б╤Б╤Л╨╗╨║╨░ ╨╜╨░ ╨╛╤В╨┐╤А╨░╨▓╨╕╤В╨╡╨╗╤П ╤Б╨╛╨╛╨▒╤Й╨╡╨╜╨╕╤П',
  `to_user_id` int unsigned NOT NULL COMMENT '╨б╤Б╤Л╨╗╨║╨░ ╨╜╨░ ╨┐╨╛╨╗╤Г╤З╨░╤В╨╡╨╗╤П ╤Б╨╛╨╛╨▒╤Й╨╡╨╜╨╕╤П',
  `body` text CHARACTER SET utf8mb4 COLLATE utf8mb4_unicode_ci NOT NULL COMMENT '╨в╨╡╨║╤Б╤В ╤Б╨╛╨╛╨▒╤Й╨╡╨╜╨╕╤П',
  `is_important` tinyint(1) DEFAULT NULL COMMENT '╨Я╤А╨╕╨╖╨╜╨░╨║ ╨▓╨░╨╢╨╜╨╛╤Б╤В╨╕',
  `is_delivered` tinyint(1) DEFAULT NULL COMMENT '╨Я╤А╨╕╨╖╨╜╨░╨║ ╨┤╨╛╤Б╤В╨░╨▓╨║╨╕',
  `created_at` datetime DEFAULT CURRENT_TIMESTAMP COMMENT '╨Т╤А╨╡╨╝╤П ╤Б╨╛╨╖╨┤╨░╨╜╨╕╤П ╤Б╤В╤А╨╛╨║╨╕',
  PRIMARY KEY (`id`)
) ENGINE=InnoDB AUTO_INCREMENT=101 DEFAULT CHARSET=utf8mb4 COLLATE=utf8mb4_unicode_ci COMMENT='╨б╨╛╨╛╨▒╤Й╨╡╨╜╨╕╤П';
/*!40101 SET character_set_client = @saved_cs_client */;

--
-- Dumping data for table `messages`
--

LOCK TABLES `messages` WRITE;
/*!40000 ALTER TABLE `messages` DISABLE KEYS */;
INSERT INTO `messages` VALUES (1,1,1,'Rerum eos sapiente et repudiandae nostrum laborum quia. Repellat exercitationem consequatur voluptatum quia aliquam nemo voluptas.',0,1,'2009-05-30 12:53:06'),(2,2,2,'Eius eum minima labore sit minus ut consequuntur accusamus. Ea reprehenderit perferendis dolorem. Quisquam aut qui earum iste. Ut nostrum minus harum sit eveniet.',0,1,'1975-09-22 13:11:20'),(3,3,3,'Quia assumenda cupiditate dolores doloremque voluptas. In omnis assumenda vel odio quibusdam rem nam quae. Est dolorem voluptatum quam qui quia ex optio. Voluptas ut sed asperiores ut natus. Eligendi quas accusamus animi et voluptas sed id.',1,1,'1929-04-29 04:46:25'),(4,4,4,'A corporis et consequatur inventore aspernatur perspiciatis neque. Iste vel optio voluptatibus repellendus dicta. Accusantium eos debitis voluptates nostrum repudiandae dolor tenetur. Itaque dolor animi amet incidunt sint aut fuga vel.',0,0,'1988-01-01 08:02:20'),(5,5,5,'In at inventore voluptatem corrupti. Quia voluptatibus ratione alias et consequatur aut ea. Nulla quas esse quo.',1,0,'1961-08-02 18:19:58'),(6,6,6,'Ut reiciendis quia voluptas reiciendis possimus. Recusandae vel repellendus necessitatibus dolorem. Earum quia debitis eos. Corrupti ea molestias nostrum.',0,0,'1988-12-29 20:35:26'),(7,7,7,'Aut itaque dolorem perferendis architecto facilis facere. Quam dolores voluptatem molestiae error deleniti et dolor.',1,0,'1998-08-25 11:15:34'),(8,8,8,'In placeat non et id reiciendis tenetur. Qui quia et sunt quasi unde. Dolorem aliquam hic dolorem magnam suscipit sapiente repellendus. Dolores tenetur ducimus velit quibusdam aut nesciunt.',1,0,'2003-10-15 09:41:32'),(9,9,9,'Ut reprehenderit distinctio occaecati aut enim perspiciatis consequatur. Quo quidem explicabo ratione praesentium. Nihil ut vel nisi.',1,1,'2006-12-19 16:24:36'),(10,10,10,'Quo consectetur facere nam tempora earum. Sint assumenda nihil repellat et eligendi cupiditate ad. Saepe est rerum ex accusamus quis praesentium. Rerum voluptatem est repellendus reiciendis amet voluptatem a.',1,1,'1984-07-09 01:05:08'),(11,11,11,'Reprehenderit eveniet expedita nemo totam occaecati fugit. Vel et veniam qui eligendi quia exercitationem. Eos cupiditate est quis omnis sed eum. Repellat libero odit facilis natus.',0,0,'1971-04-29 11:08:33'),(12,12,12,'Maiores eligendi repellendus facere nostrum nam. Quis nam ut repudiandae ut nostrum rerum quo. Odio dignissimos eius optio nesciunt aspernatur modi. Dolores quia est quia est alias est.',0,0,'1993-10-20 19:01:16'),(13,13,13,'Beatae et ducimus in corrupti perferendis ut quia. Occaecati et atque incidunt dolores dolores repudiandae nesciunt distinctio.',1,0,'1993-05-19 11:39:22'),(14,14,14,'Culpa aut aspernatur non. Voluptatem ratione occaecati consequatur officiis. Consequatur ea dolorem id fugit. Fugiat et ut voluptas.',1,1,'2015-03-05 10:39:32'),(15,15,15,'Facere eius aut qui. Dolorem qui eos porro ea quis exercitationem aliquam. Et similique dolores sint voluptatem et.',1,1,'1997-03-22 12:23:23'),(16,16,16,'Accusamus veritatis consequatur dolor omnis. Et expedita alias sit consequatur ipsum laudantium magni.',0,1,'1967-12-08 13:54:15'),(17,17,17,'Ipsa quibusdam sit voluptas perspiciatis. Quo ut saepe qui corporis ut eos in. Maxime in quia impedit ab ut iusto nisi. Deserunt sapiente voluptatem officia adipisci neque.',1,0,'1927-11-04 12:20:47'),(18,18,18,'Consequatur eius id nam. Velit quos id pariatur vitae numquam vel expedita. Molestias a aspernatur qui laborum eum.',0,1,'1967-07-25 09:15:10'),(19,19,19,'Dolor doloremque quae tenetur quis labore voluptas. Adipisci debitis minus laboriosam fugiat. Sequi natus est blanditiis repellat deserunt officiis dolores commodi.',1,1,'2016-04-30 03:07:40'),(20,20,20,'Est et impedit perferendis ab quo non sunt. Aut sed sed praesentium dolorum aperiam. Exercitationem doloremque fugiat porro facere perferendis. Nobis numquam voluptatem cupiditate ipsa voluptas commodi repudiandae dolor.',1,1,'2005-11-18 20:25:56'),(21,21,21,'Accusantium aperiam rerum modi ut ullam sunt. Repellendus et autem error laborum. Blanditiis quia corrupti et inventore. Nam quo veniam et nostrum est quas.',1,1,'1923-08-15 15:23:08'),(22,22,22,'Nulla exercitationem assumenda occaecati minima. Velit tempora rem adipisci minima recusandae.',1,1,'1986-01-25 22:44:30'),(23,23,23,'Consequatur exercitationem est et libero voluptatem magnam. Deserunt quia blanditiis nam ex voluptate at. Velit quia nihil eveniet enim.',0,1,'2007-12-30 05:49:10'),(24,24,24,'Esse et soluta recusandae molestias voluptate mollitia qui. Nobis qui maiores tempore aliquid nemo. Blanditiis doloribus nisi fuga et repellat mollitia. Dolorum nihil sapiente illum nostrum minima accusamus est.',0,0,'1956-09-28 11:04:03'),(25,25,25,'Vel architecto est et. Quae rerum quo mollitia placeat. Iure est non unde.',0,0,'1970-04-23 18:37:56'),(26,26,26,'Incidunt id in corrupti quidem est rerum error. Officiis totam dignissimos omnis dicta. Consequatur praesentium est recusandae ipsa sed laboriosam assumenda assumenda.',1,0,'1996-09-22 07:28:42'),(27,27,27,'Voluptatum alias nihil consectetur. Fuga suscipit neque laudantium nisi.',0,0,'1957-06-14 22:34:59'),(28,28,28,'Saepe hic amet modi quia voluptates nobis. Sunt voluptatem tenetur quia quod. Ea libero nihil nesciunt doloremque doloremque. Ducimus ut est ex qui.',1,0,'1971-05-17 03:46:25'),(29,29,29,'Dicta cumque quis quaerat tempora assumenda. Nihil voluptas aliquam ipsam similique nihil repellendus dicta. Fugit ducimus ipsam mollitia corrupti consectetur.',0,1,'1958-08-28 22:47:24'),(30,30,30,'Ducimus qui blanditiis ea. Commodi quae temporibus sit autem reiciendis est quis.',1,0,'1951-09-14 19:05:16'),(31,31,31,'Voluptate aliquam sit quo voluptatem excepturi eius nihil harum. Iusto magnam sit inventore corrupti sed labore. Architecto repudiandae ad id autem officia repellendus.',0,1,'2021-02-27 20:05:27'),(32,32,32,'Eum eos impedit debitis deserunt voluptatem itaque dolorem similique. Voluptas sequi veritatis quis sed et voluptatum voluptatibus. Dolorem voluptas in animi ab aut modi vel.',0,1,'1962-05-14 20:47:49'),(33,33,33,'Rem occaecati consequatur dicta sunt molestiae. Quis provident sunt recusandae aperiam ipsa.',1,0,'1977-01-20 21:53:38'),(34,34,34,'Sed architecto fugit quas et. Commodi temporibus iste doloremque repellat qui enim delectus. Reiciendis quisquam quam fuga quae sint.',1,0,'1961-10-03 11:42:45'),(35,35,35,'Dolores aut dolores ut illo. Non ipsum repellat aliquid tempora suscipit nostrum quasi. Autem officiis expedita quo debitis labore. Quisquam id cum voluptatibus molestiae et expedita.',0,1,'2001-08-07 21:43:50'),(36,36,36,'Possimus aut delectus voluptatem. Expedita temporibus quas eius nesciunt odio deserunt fuga et. Earum tenetur pariatur saepe. Qui sit itaque neque earum in sit.',0,1,'1998-04-15 21:56:48'),(37,37,37,'Modi dignissimos iusto officiis nobis dolores fuga voluptas. Quaerat commodi et ut et maiores. Ut architecto laboriosam sint earum ad. A dicta et temporibus ipsum et modi.',1,1,'1947-10-31 22:22:30'),(38,38,38,'Facilis molestiae odio quam ipsam magnam corporis. Aliquam voluptate nobis ea architecto iure officiis. Consequatur voluptatum non aliquam ratione quae voluptatem commodi.',0,1,'2001-02-23 11:17:58'),(39,39,39,'Placeat possimus sint sed quae sapiente fuga vel. Quas corrupti id repudiandae ea in. Necessitatibus asperiores sapiente sapiente sint molestiae.',0,1,'2001-06-19 12:03:08'),(40,40,40,'Cum quia et commodi ipsa deleniti aut aut saepe. Hic earum nihil quae et eos nam. Maiores dolores quo reiciendis ad quia quos doloribus.',1,1,'1922-02-23 07:38:37'),(41,41,41,'Autem eum facilis vel. Recusandae molestiae praesentium nemo dolores quos eligendi ut doloribus. Dolorem sequi et aut soluta dolorum.',1,1,'2021-07-11 18:12:12'),(42,42,42,'Inventore recusandae quisquam ut. Error quia necessitatibus consectetur consectetur doloremque quo sint molestiae. Sint nisi tenetur magnam. Iste est quod ex ab ea.',0,1,'1966-09-18 09:00:17'),(43,43,43,'Qui consequatur voluptatibus ea natus et. Quo qui et aut corrupti. Non eius aut itaque est cum consectetur non doloremque.',1,0,'1967-06-13 09:51:33'),(44,44,44,'Ducimus quae quisquam ipsam. Quod natus quaerat qui error. Expedita amet eos error animi.',0,1,'1957-01-01 18:55:38'),(45,45,45,'Itaque dolorem adipisci tempora dolorem quo distinctio ratione. Et ab deleniti perferendis quo odio velit ab. Ipsam expedita consequatur rerum quisquam excepturi ut. Perspiciatis voluptas nemo repellendus necessitatibus.',0,1,'2001-07-08 13:12:38'),(46,46,46,'Quibusdam natus deserunt autem eum tempore voluptatem autem. Quia qui laborum molestias quas provident. Et qui nihil perspiciatis suscipit sequi culpa.',1,0,'1934-03-01 20:41:33'),(47,47,47,'Omnis molestiae omnis natus quam at enim officia autem. Earum et sed iste voluptatem doloremque ipsa. Id aliquam repudiandae alias odit neque fugit.',0,1,'1929-07-18 05:25:45'),(48,48,48,'Vel quibusdam sunt veritatis sapiente accusamus ut ut. Error et earum aut et ab et deserunt. Placeat excepturi unde molestiae adipisci ipsa distinctio. Aliquam eveniet voluptas mollitia id.',0,0,'1938-09-10 21:54:29'),(49,49,49,'Aut non et quibusdam. Aut reiciendis fugit ut. Placeat in cupiditate possimus sunt quae beatae id aut. Aut illo impedit libero eum distinctio.',1,1,'1985-04-09 23:45:28'),(50,50,50,'Et fugiat vero impedit qui in. Saepe fugiat ut qui natus est expedita error. Nostrum tenetur voluptatibus possimus eveniet qui facere tempore. Autem alias et iure non est.',0,0,'1965-11-13 01:44:06'),(51,51,51,'Quia in totam dolores eligendi molestiae. Molestiae voluptatem dolore odit consequatur aut atque. Accusantium libero quaerat facere cumque. Optio quidem illo deleniti officiis accusantium.',0,0,'1923-02-19 19:18:20'),(52,52,52,'Qui magni est reiciendis omnis ipsa et quos. Est neque quo autem saepe debitis alias. Et est quia quis fuga. Ea et non temporibus error quos et et fugit.',1,1,'1922-07-02 23:59:01'),(53,53,53,'Animi provident nam nisi veniam est. Earum quidem sint aspernatur in ab qui vel. Modi aut iste molestiae.',1,1,'1975-10-21 17:49:19'),(54,54,54,'Doloremque ut et illo temporibus. Voluptatem et delectus libero voluptates. Unde est neque magni fuga. Sapiente sunt voluptates possimus.',0,0,'1921-09-07 17:58:31'),(55,55,55,'Aut amet aliquam nesciunt non sunt natus numquam. Quo qui voluptatum sint veniam. Corrupti quisquam sunt magnam molestiae provident nihil.',0,1,'2009-11-09 05:31:59'),(56,56,56,'Sit sit vero omnis sapiente qui quos. Nostrum necessitatibus et non ea.',0,1,'1985-09-11 14:17:31'),(57,57,57,'Amet neque totam consequatur dolorem itaque. Consequatur perspiciatis sequi sit molestias non. At dolor voluptates necessitatibus consequatur debitis. Molestiae fugiat aspernatur accusamus incidunt nesciunt porro.',1,0,'2021-06-04 01:05:46'),(58,58,58,'Doloribus voluptas animi consequatur maxime vero ut. Sit qui voluptas et qui. Explicabo qui voluptatem autem aspernatur id. Est voluptate odio assumenda ea.',0,1,'1973-11-23 04:53:31'),(59,59,59,'Asperiores sequi sit blanditiis. Doloribus quibusdam magnam et repudiandae quos corporis ullam. Nesciunt quis eum et.',0,0,'2014-12-23 00:01:25'),(60,60,60,'Doloribus dolorem corporis laboriosam. Vel ad beatae vel quidem. Omnis voluptate ut eum a est ex.',0,1,'1928-03-25 20:22:40'),(61,61,61,'Sed ipsam et esse aut. Quia nulla ad excepturi officiis id ut. Aliquam et earum suscipit facilis sit.',0,1,'2008-05-14 12:24:02'),(62,62,62,'Autem dicta nesciunt neque. Est voluptatem et facilis corrupti repellat alias. Dolores qui magni quasi laudantium asperiores est adipisci.',1,1,'1933-01-10 17:50:18'),(63,63,63,'Itaque saepe non aliquam quaerat tenetur. Ut et sed modi quidem et reprehenderit doloribus quo. Blanditiis officiis et sed soluta quod eos.',0,0,'2008-04-10 22:46:54'),(64,64,64,'Est vel quidem sequi sunt ex. In aut molestias voluptatem tempore.',0,0,'1951-09-23 17:52:52'),(65,65,65,'Aut consequatur nisi ipsum enim ipsum maxime. Eos ut est iure facilis voluptatum rerum rerum voluptatum. Quia praesentium id qui enim. Ad odio doloremque ad quisquam ipsam et.',0,0,'1981-09-28 19:32:10'),(66,66,66,'Ut enim sint libero tenetur velit. Aut mollitia rerum fugiat commodi ipsam. Repellendus et non hic labore minus hic. Temporibus id inventore quo ut eaque fugiat.',0,0,'1975-09-18 12:55:25'),(67,67,67,'Tempore blanditiis fugiat veritatis nihil enim asperiores est. Debitis ut ad maiores dolorem amet ratione et. Aut blanditiis in quia. Voluptas earum id minima vel voluptas.',1,1,'1928-09-27 19:18:31'),(68,68,68,'Aperiam voluptas voluptate deleniti perspiciatis. Asperiores nihil hic ipsum. Earum error repudiandae unde quo sunt consequatur voluptas.',1,0,'2005-03-18 12:51:38'),(69,69,69,'Quisquam quis saepe consequatur corporis sunt consequatur quasi aut. Quia delectus ratione enim inventore ipsam sed aut tenetur. Amet saepe ut est et quo occaecati. Est rerum ut iusto et.',1,0,'2007-07-19 21:45:27'),(70,70,70,'Possimus laborum pariatur minus minima veniam. Non necessitatibus id qui dolor non. Qui accusamus voluptatum corrupti molestiae quam aspernatur placeat. Rem consequuntur quia consequatur debitis corrupti.',0,0,'1986-12-07 21:11:48'),(71,71,71,'Temporibus eos dolor temporibus iusto earum sint. Ea quaerat quae consequatur voluptas aspernatur aut. Incidunt facilis ea iste et distinctio dicta. Laudantium voluptatibus explicabo suscipit nihil et nisi.',1,0,'1993-08-14 11:49:36'),(72,72,72,'Aut fugiat placeat sint impedit. Autem quia at ipsam omnis vitae enim exercitationem. Iste aut et ut sunt.',1,1,'1923-03-11 22:29:54'),(73,73,73,'Perspiciatis repudiandae nam quaerat consectetur. Quod optio sit sed.',1,1,'1988-09-24 05:01:39'),(74,74,74,'Dolorum deserunt sequi et neque fuga nesciunt. Soluta sunt qui temporibus tempore alias. Ex alias autem possimus doloribus. Rerum possimus accusantium in.',0,0,'1926-06-17 01:09:12'),(75,75,75,'Veritatis corporis ducimus doloribus ut. Facilis voluptas nobis enim exercitationem facilis voluptatibus. Minus id recusandae dolorem ea sit officiis.',0,0,'1956-04-07 13:19:20'),(76,76,76,'Voluptas quas eos temporibus accusantium cupiditate totam. Quia veritatis laudantium velit et. Aspernatur sapiente ratione enim alias commodi et est.',0,0,'2014-01-08 15:33:44'),(77,77,77,'Ut nulla delectus fugiat voluptas ex perferendis. Adipisci officiis beatae et aut perferendis impedit. Optio id omnis quia et ad et nulla. Est provident est sed sit. Enim neque consectetur totam et et repudiandae odit.',1,1,'1952-06-10 04:55:46'),(78,78,78,'Quae et ut cumque pariatur amet. In recusandae perspiciatis recusandae et at unde odit. Sint soluta aut quia atque.',0,1,'1979-12-30 23:03:30'),(79,79,79,'Ut consequatur magni consequatur iure quis. Enim ab rerum necessitatibus exercitationem pariatur. Quos deserunt eum aut architecto quas labore.',1,0,'1964-07-04 01:37:21'),(80,80,80,'Voluptates rerum maxime provident quaerat quo similique dolores doloribus. Nostrum voluptates quia omnis.',0,0,'1982-01-04 05:14:49'),(81,81,81,'Non minima aut enim saepe laborum rerum laborum explicabo. Dolore nemo consequatur ut molestiae voluptatem aut. Ea magni minus et iusto. Veniam quos sint dolor ut.',1,1,'1992-03-09 03:55:43'),(82,82,82,'Et eum laboriosam et adipisci dicta cupiditate possimus. Perferendis est magni quia officiis. Labore ullam nisi quis ipsum. Ipsam vitae modi excepturi ut inventore.',1,1,'1938-09-11 16:41:33'),(83,83,83,'Perferendis voluptatem aut blanditiis vitae repellat. Architecto asperiores aperiam in eaque adipisci. Incidunt ex omnis numquam sit omnis. Ab officiis et quis fuga qui aut et aliquam.',1,1,'2004-06-26 23:04:33'),(84,84,84,'Iusto culpa tenetur aut aut totam vel reprehenderit. Assumenda provident molestias aut omnis qui voluptatum. Nulla cumque omnis necessitatibus fuga aut quos quod quo. Ut distinctio veritatis accusantium esse deleniti molestias.',0,0,'1965-07-19 06:30:19'),(85,85,85,'Ut qui officia nihil ut. Exercitationem rem illo architecto labore suscipit et. Doloremque deserunt aut nostrum dolor sit amet alias.',0,0,'1963-03-17 16:08:26'),(86,86,86,'Quam vitae rerum numquam velit. Nihil et quis occaecati alias. Alias qui omnis numquam omnis officia dignissimos. Corporis quis voluptas qui delectus.',0,0,'1935-11-16 00:26:41'),(87,87,87,'Et cupiditate praesentium et vero accusamus. Commodi corporis voluptas non cumque cum rerum omnis. Corporis omnis voluptatem nesciunt deleniti vero.',0,0,'1998-03-24 13:15:56'),(88,88,88,'Ratione similique pariatur dolorem eum. Illo dicta suscipit laudantium ut id aperiam tenetur adipisci. Repellat eos voluptatem impedit aut adipisci qui cumque et. Minima nobis ipsa hic aliquam.',0,1,'2013-09-07 22:04:25'),(89,89,89,'Sit et autem repudiandae aut in provident. Tenetur quo aut velit nostrum voluptatem nisi rerum assumenda. Eos omnis tenetur reiciendis perspiciatis.',1,0,'1970-02-14 00:08:25'),(90,90,90,'Voluptas perferendis exercitationem consequuntur a officiis. Laboriosam vitae eos aut architecto.',1,1,'1970-07-31 03:13:22'),(91,91,91,'Ut officiis perferendis blanditiis doloremque natus ut eos. Beatae voluptatum omnis dolore iusto quasi. Ipsum dolores harum ea. Laborum a debitis facere. Est qui et necessitatibus sequi aspernatur nihil.',0,1,'1963-12-28 00:59:06'),(92,92,92,'Vero sint autem porro et. Officia sed ut quia quia voluptatibus. Natus consectetur nemo quis eveniet eos aut eos.',1,0,'1936-08-25 18:48:35'),(93,93,93,'Autem maxime quae qui aliquid deserunt. Ea sint blanditiis sapiente aut. Consequatur voluptas error distinctio et sequi minima vel. Repudiandae repellat voluptatibus cumque quas.',1,1,'1940-01-12 18:30:43'),(94,94,94,'Voluptatem voluptatum repudiandae ratione quod ratione. Non doloremque molestiae dolor sit cum. Minima animi quo aut officia officiis.',0,0,'1924-03-09 22:22:22'),(95,95,95,'Voluptatem ratione doloribus quibusdam unde velit. Unde nesciunt aspernatur autem necessitatibus doloremque reprehenderit. Quia sunt sit dicta quaerat accusamus voluptas. Accusantium consequatur odit consequatur.',1,0,'1922-03-19 23:24:03'),(96,96,96,'Expedita architecto at vel delectus enim eos. Sint dolor distinctio dolores itaque quia est explicabo maiores.',0,1,'1948-03-27 10:22:07'),(97,97,97,'Magni voluptatum possimus voluptas asperiores doloremque vel eum. Corrupti expedita inventore deleniti reprehenderit sapiente at.',0,1,'1966-10-22 20:42:57'),(98,98,98,'Odio non quibusdam quidem minus reiciendis molestiae necessitatibus. Aliquam facere sint tenetur et dolor suscipit rerum. Quis et ut ut fugiat velit est qui molestiae. In sint quod dolorum vel minima ut sunt debitis.',1,0,'1980-02-02 20:53:48'),(99,99,99,'Et unde enim odio odit qui. Suscipit dolorem est in vero repudiandae est numquam. Dolorem et non non voluptas molestiae ut illo.',1,0,'1970-11-16 11:32:01'),(100,100,100,'Molestiae numquam ullam aut aspernatur distinctio quis impedit nostrum. Est atque distinctio non et. Fuga exercitationem rerum rerum similique.',0,0,'2020-12-10 01:31:36');
/*!40000 ALTER TABLE `messages` ENABLE KEYS */;
UNLOCK TABLES;

--
-- Table structure for table `posts`
--

DROP TABLE IF EXISTS `posts`;
/*!40101 SET @saved_cs_client     = @@character_set_client */;
/*!50503 SET character_set_client = utf8mb4 */;
CREATE TABLE `posts` (
  `id` int unsigned NOT NULL AUTO_INCREMENT,
  `user_id` int unsigned NOT NULL,
  `community_id` int unsigned DEFAULT NULL,
  `head` varchar(255) CHARACTER SET utf8mb4 COLLATE utf8mb4_unicode_ci DEFAULT NULL,
  `body` text CHARACTER SET utf8mb4 COLLATE utf8mb4_unicode_ci NOT NULL,
  `media_id` int unsigned DEFAULT NULL,
  `is_public` tinyint(1) DEFAULT '1',
  `is_archived` tinyint(1) DEFAULT '0',
  `created_at` datetime DEFAULT CURRENT_TIMESTAMP,
  `updated_at` datetime DEFAULT CURRENT_TIMESTAMP ON UPDATE CURRENT_TIMESTAMP,
  PRIMARY KEY (`id`)
) ENGINE=InnoDB AUTO_INCREMENT=101 DEFAULT CHARSET=utf8mb4 COLLATE=utf8mb4_unicode_ci;
/*!40101 SET character_set_client = @saved_cs_client */;

--
-- Dumping data for table `posts`
--

LOCK TABLES `posts` WRITE;
/*!40000 ALTER TABLE `posts` DISABLE KEYS */;
INSERT INTO `posts` VALUES (1,56,5,'molestiae','Illo corporis nam esse nam eaque natus rerum. Iste sit corporis modi sed quia similique. Amet ipsam enim iusto non aspernatur id repellendus. Quo aut nulla ex eum minus.',1,0,1,'1933-11-07 12:58:38','2021-07-23 02:39:08'),(2,16,8,'voluptas','Non recusandae porro distinctio non. Incidunt officia nemo voluptatem. Dolores qui non odit enim qui. Nam id ducimus quas dignissimos officiis repellat in.',2,1,0,'1935-01-03 02:03:33','2021-07-23 02:39:08'),(3,84,13,'omnis','Est voluptates consectetur facere neque totam consequuntur. Quo laborum sint voluptatem ut. Sapiente natus quis dolorum aut maiores sapiente et. Numquam et officiis ex odio quibusdam blanditiis deleniti modi.',3,1,1,'1956-05-12 20:19:24','2021-07-23 02:39:08'),(4,59,20,'voluptatem','Quia iure est ullam aut consequatur quia ducimus dolore. Voluptates sit harum cupiditate corporis rem enim. Ducimus impedit laborum incidunt consequatur et et harum.',4,0,0,'1990-10-07 06:10:07','2021-07-23 02:39:08'),(5,49,15,'provident','Commodi eius ipsa ullam ad. Dolorem voluptas quos facere in harum ipsum at. Soluta magnam voluptas neque sequi.',5,1,0,'1995-04-26 12:25:30','2021-07-23 02:39:08'),(6,93,7,'ipsa','Ad debitis accusamus praesentium omnis. Autem illum voluptatum aliquid. Provident qui repellendus doloremque aut. Eum ipsam eos delectus quo aut voluptate ipsa.',6,0,0,'1964-04-03 01:56:21','2021-07-23 02:39:08'),(7,24,18,'ullam','Omnis neque qui hic placeat sequi. Nam et quia blanditiis a aut. Harum sit est quidem sed suscipit. Dolor aliquam et perferendis voluptas impedit illum quae nobis.',7,1,0,'1958-02-13 17:29:01','2021-07-23 02:39:08'),(8,23,12,'ut','Quo molestiae fugit asperiores enim rem cum. Autem sint nostrum iure laborum earum eveniet. Ratione maiores fugiat quidem amet consectetur ipsam.',8,0,1,'2012-09-20 08:07:21','2021-07-23 02:39:08'),(9,21,27,'saepe','Et qui deserunt enim quia aut natus sed. Quia facere quisquam necessitatibus. Perspiciatis et qui voluptas id. Non ipsam consequatur repellendus aut quis dolores.',9,1,1,'2000-12-31 01:03:50','2021-07-23 02:39:08'),(10,85,17,'ab','Facilis in recusandae nihil quo dolorum vitae ea. Veritatis velit dolore quibusdam ut doloribus eos. Voluptates voluptates inventore nam est vel ullam sint. Et non animi nihil earum.',10,0,0,'2016-03-01 19:41:22','2021-07-23 02:39:08'),(11,21,12,'est','Id deleniti nam rerum aliquid quas ut. Perferendis ipsum suscipit dolores praesentium velit. Ex deserunt corrupti tempore dolorem a ipsa sed. Possimus aut quasi sequi aut sunt eum atque voluptas.',11,0,1,'1978-07-18 01:10:48','2021-07-23 02:39:08'),(12,32,13,'officiis','Corrupti nostrum labore pariatur doloremque et. Dignissimos ut aut aut nihil qui. Quos earum quod porro non.',12,0,0,'1997-11-12 14:04:28','2021-07-23 02:39:08'),(13,8,6,'iure','Ut quod repellendus sit. Nihil in sed perferendis cumque. Et eos est sint ea labore dolore iusto.',13,0,1,'1925-09-13 17:45:51','2021-07-23 02:39:08'),(14,66,22,'cupiditate','Ut voluptas dolores magni sint. Quaerat nihil magni quisquam maxime temporibus qui. Iure consequuntur et doloremque ipsam est dolorum.',14,0,1,'1952-10-07 13:24:08','2021-07-23 02:39:08'),(15,70,9,'totam','Reiciendis quis ab id vitae autem ut. Qui tempora molestiae accusamus qui pariatur molestias reprehenderit. Odio deserunt nam beatae ducimus. Quae porro velit consectetur sed nisi.',15,1,0,'1989-09-05 11:12:31','2021-07-23 02:39:08'),(16,31,22,'veritatis','Nisi est mollitia aperiam debitis maxime esse. Vitae numquam laborum consequatur sint. Eius atque modi dolorem et quo.',16,1,0,'1999-09-08 05:25:34','2021-07-23 02:39:08'),(17,62,28,'libero','Similique ipsa iste distinctio ullam veritatis praesentium. Autem mollitia rerum delectus perferendis voluptatem adipisci esse. Aliquid nemo sequi debitis ea officia deleniti. Voluptas quis et earum repellendus. Officia doloribus repellat unde et nesciunt qui.',17,1,1,'2018-05-03 00:12:47','2021-07-23 02:39:08'),(18,83,11,'qui','Repudiandae magnam aut fuga modi non distinctio labore. Mollitia quia corrupti enim maxime sapiente et vitae ipsam. Aperiam culpa sapiente suscipit et consequatur voluptatum. Doloremque at voluptatem est totam sit.',18,0,1,'1998-08-07 03:56:40','2021-07-23 02:39:08'),(19,26,8,'dicta','Et quos et doloremque eum et sequi debitis. Corrupti molestiae ducimus dolore incidunt eveniet iste qui. Temporibus ratione aut quae atque ipsam. Inventore quam et voluptatem et ut est. Molestiae eius omnis consectetur consequatur.',19,0,0,'1931-12-02 07:41:28','2021-07-23 02:39:08'),(20,43,13,'soluta','Voluptatem et voluptates corporis eligendi. Voluptatem corporis unde ducimus vitae dicta expedita modi. Aut id voluptas ut recusandae velit.',20,0,0,'2003-03-21 02:01:14','2021-07-23 02:39:08'),(21,83,26,'totam','Ex facilis vel qui in est. Voluptatem sunt odio quas ut corrupti sunt. Aut non qui sed odio hic enim.',21,0,1,'2018-09-10 05:52:41','2021-07-23 02:39:08'),(22,82,15,'id','Officia voluptas explicabo rerum voluptatem suscipit odio provident sed. Officiis voluptas vel omnis temporibus sint odio repellat. Excepturi temporibus labore accusantium itaque.',22,1,0,'1941-12-20 12:17:05','2021-07-23 02:39:08'),(23,4,21,'quis','Aut illum voluptatem molestiae delectus repellendus. Ea nisi magnam sed veritatis provident architecto voluptatibus. Ea dolores accusantium est architecto voluptate id enim.',23,0,0,'2003-11-25 08:37:44','2021-07-23 02:39:08'),(24,26,9,'est','Consequatur in laboriosam delectus natus ut magnam. Dignissimos consequatur consequatur reprehenderit. Autem suscipit minus voluptas pariatur totam amet maxime.',24,0,1,'1955-01-11 21:07:38','2021-07-23 02:39:08'),(25,65,11,'fuga','Consequatur sed provident tenetur cupiditate maxime distinctio et. Magnam veritatis quia laboriosam ea. Recusandae ducimus et et molestiae fugiat et.',25,1,1,'2001-11-07 07:44:56','2021-07-23 02:39:08'),(26,87,8,'illum','Quam iure quod nulla velit libero. Explicabo quis necessitatibus voluptatem consectetur et deserunt incidunt corrupti. Fugiat omnis dolores explicabo harum suscipit perferendis voluptatem quo.',26,0,0,'1969-11-05 16:28:21','2021-07-23 02:39:08'),(27,60,8,'id','Cupiditate earum voluptas voluptatem in ut fugit. Rerum ad corrupti recusandae voluptate nisi sint. Quo aut vero incidunt voluptatem omnis aliquam. Accusantium deleniti ut illo enim impedit dolorem voluptas. In officiis dignissimos quis maxime magni optio non.',27,0,0,'2020-02-20 20:12:00','2021-07-23 02:39:08'),(28,49,20,'architecto','Id itaque error nihil temporibus molestiae nesciunt sint. Repellat quae rem possimus ut. Et non placeat minus facere. Ex perferendis aliquid molestiae quae iusto labore aliquam similique.',28,0,1,'1925-05-15 23:33:35','2021-07-23 02:39:08'),(29,86,10,'laborum','Odio rerum iure tempora incidunt qui magni magni. Doloremque odit deserunt aut quo dolores et ratione. Eligendi ab et voluptatibus quis aut eos et facere. Perferendis at eum aspernatur quam sed. Dolor quis officiis id ut.',29,1,0,'1985-05-05 04:01:44','2021-07-23 02:39:08'),(30,97,28,'amet','Quia est ullam inventore inventore recusandae aspernatur nulla. Ipsam rerum amet rem aut qui dolorem explicabo qui.',30,0,1,'1963-05-21 19:30:21','2021-07-23 02:39:08'),(31,69,21,'est','Tempore ducimus nobis sapiente numquam atque sed voluptas libero. Rerum facilis et magni corrupti optio. Dolores rerum debitis molestiae dolorem sunt placeat. Ducimus occaecati ex debitis ut cupiditate est iusto. Qui eum facere ratione adipisci ipsum quisquam voluptatem et.',31,0,1,'1995-06-04 14:35:46','2021-07-23 02:39:08'),(32,34,20,'harum','Quibusdam culpa omnis rerum inventore est in sunt omnis. Debitis delectus qui ut error itaque mollitia voluptates aliquid. Eum doloribus ipsa laudantium aut ratione aspernatur accusantium.',32,0,0,'1971-10-11 00:05:50','2021-07-23 02:39:08'),(33,21,3,'dignissimos','Autem debitis fugiat quis nemo reprehenderit velit quidem. Numquam dolores occaecati facilis voluptas fuga repudiandae rerum perferendis. Numquam impedit est temporibus et. Eaque nam quo ab est consequatur quidem praesentium.',33,1,0,'1977-06-12 05:59:35','2021-07-23 02:39:08'),(34,78,20,'et','Ea voluptas quo ullam quae ducimus error laborum eaque. Ut voluptatibus est expedita non delectus et aut. Assumenda molestias saepe assumenda autem. Quo quia perspiciatis hic architecto harum necessitatibus maxime. Dolore blanditiis quidem sed soluta consequatur.',34,0,0,'1980-03-06 20:18:08','2021-07-23 02:39:08'),(35,100,30,'molestiae','Facilis quo dolor quas tempore consequatur et. Et rerum suscipit rerum facere deleniti temporibus. Mollitia omnis commodi optio.',35,0,0,'1975-08-09 14:45:57','2021-07-23 02:39:08'),(36,87,14,'dolore','Debitis optio quia perferendis. Cum dolores perspiciatis culpa illo non sequi. Et voluptatem consequatur sit qui necessitatibus aut. Distinctio nihil ut a cumque. Perferendis tempore repellendus tenetur sequi est omnis dolorum similique.',36,0,0,'2010-11-28 13:20:24','2021-07-23 02:39:08'),(37,59,18,'labore','Pariatur minima nulla quaerat eligendi aliquam tenetur. Quaerat dolor incidunt reiciendis dolorum qui eveniet delectus et. Nihil corrupti neque enim aut aut illum adipisci.',37,1,0,'1958-04-03 07:56:00','2021-07-23 02:39:08'),(38,23,11,'similique','Reprehenderit dolorem culpa cupiditate et amet adipisci nesciunt. Id et quod vel fugiat accusantium eligendi tempore et. Qui ad quis et illo.',38,1,0,'1974-01-05 16:22:28','2021-07-23 02:39:08'),(39,5,7,'sit','Maiores voluptate non ducimus quos ut omnis officia. Voluptatem voluptatem quisquam consequatur modi repudiandae temporibus illum sed. Minus officiis ut ut.',39,0,1,'1971-07-27 09:44:57','2021-07-23 02:39:08'),(40,92,29,'est','Ut rerum velit reiciendis qui maiores mollitia. Expedita aliquam quae a optio tempore. Facere voluptatem quos dolores ullam. Quis adipisci suscipit maxime qui iusto occaecati.',40,1,1,'1992-12-26 03:45:09','2021-07-23 02:39:08'),(41,94,26,'odio','Sit sit deserunt quae sed. Est sed nam cum id est error non. A neque eum quia saepe totam aperiam.',41,1,1,'2019-10-22 11:00:13','2021-07-23 02:39:08'),(42,47,24,'ut','Dolores ut ad impedit est temporibus. Enim harum temporibus velit nisi. Totam maxime consequuntur eveniet perferendis quidem. Rerum vel officia alias quisquam.',42,1,1,'1971-02-23 13:18:40','2021-07-23 02:39:08'),(43,47,1,'aliquid','Delectus voluptatem ut soluta voluptatem. Quam expedita nobis dignissimos ea quo. Perferendis qui vel sint voluptate rerum quam.',43,0,1,'2010-11-11 23:24:28','2021-07-23 02:39:08'),(44,72,16,'sunt','Dolor illo provident velit quos. Corrupti velit recusandae incidunt quasi ea in. Vel omnis odit ut. Occaecati sed adipisci corrupti exercitationem laboriosam cupiditate et.',44,1,0,'1927-07-07 23:15:22','2021-07-23 02:39:08'),(45,44,20,'reiciendis','Inventore earum omnis eius porro error ut. Dolore in vel dolores eum corporis in. Enim et corrupti tempora non placeat. Accusantium et voluptas dolor molestiae consequuntur et nemo.',45,0,0,'1953-12-08 17:42:28','2021-07-23 02:39:08'),(46,87,13,'labore','Et ipsa aliquam earum quisquam modi sit rerum in. Est voluptatem et ullam nulla. Consequatur odio est sapiente esse vitae. Repellat harum aperiam deserunt illo nobis incidunt.',46,1,0,'1931-12-19 07:06:42','2021-07-23 02:39:08'),(47,44,29,'debitis','Nulla suscipit eum voluptatem reprehenderit qui harum. Velit sunt perspiciatis omnis. Totam velit esse nisi.',47,0,1,'1994-09-19 18:28:29','2021-07-23 02:39:08'),(48,53,22,'qui','Tenetur alias labore ex odit in. Et sed deserunt alias totam voluptatem. Perferendis id laudantium quia laborum id rerum.',48,0,1,'1944-10-17 00:19:29','2021-07-23 02:39:08'),(49,5,2,'deserunt','Adipisci asperiores ullam porro eveniet natus. Nesciunt omnis porro aut aut. Nemo error voluptas omnis eaque voluptatem odit nisi explicabo.',49,0,0,'1967-12-10 20:03:40','2021-07-23 02:39:08'),(50,18,21,'quia','Reprehenderit quis quia doloribus ut. Enim sunt exercitationem repellendus at officia laborum. Quod corporis at nam commodi vel. Labore dolores vitae eum velit. Exercitationem qui consequatur quidem distinctio.',50,1,0,'1987-04-03 09:14:31','2021-07-23 02:39:08'),(51,93,17,'excepturi','Et ut beatae sit. Est quia ut quod vel. Magni eius quidem qui tenetur sed. Adipisci sint sint et exercitationem.',51,0,0,'1948-02-04 19:34:36','2021-07-23 02:39:08'),(52,91,28,'tempora','A commodi totam ex voluptas impedit velit. Non reiciendis blanditiis harum eos nostrum voluptatibus. Sint deserunt sed sint eligendi ducimus non rerum.',52,1,1,'1964-09-11 04:40:01','2021-07-23 02:39:08'),(53,94,27,'praesentium','Maiores quo praesentium est quia. Qui qui quas repudiandae omnis dolor molestiae odit. Quidem ex numquam ex labore et labore aut.',53,1,0,'1973-01-11 08:18:25','2021-07-23 02:39:08'),(54,59,10,'nisi','Est vel id dignissimos. Qui repellat et deserunt error exercitationem ut voluptas. Ratione ea est vel corporis aut accusamus.',54,0,0,'1944-07-03 16:32:30','2021-07-23 02:39:08'),(55,80,1,'dicta','Sint optio voluptas iure eius. Numquam sint consequatur sit non vel ex perspiciatis quia. Voluptatem non officia totam vero eaque. Adipisci qui minima cupiditate quam voluptate doloribus.',55,0,0,'1922-08-22 04:35:28','2021-07-23 02:39:08'),(56,76,22,'ea','Illo vitae sit occaecati occaecati ea et quibusdam suscipit. Reiciendis perferendis laboriosam et. In dolore sed ipsum iusto.',56,1,0,'2000-06-13 09:39:41','2021-07-23 02:39:08'),(57,30,11,'maiores','Ipsum ipsum tempora officiis qui animi ea. Ex totam dolore facere quisquam. Delectus libero deserunt atque voluptates asperiores facere nulla eaque.',57,0,1,'1966-05-23 21:37:18','2021-07-23 02:39:08'),(58,86,7,'nam','Cumque voluptatem quo fugiat in quo numquam. Sit consequuntur sunt ratione dignissimos id. Rerum in architecto distinctio qui sit.',58,1,0,'1936-12-20 01:30:32','2021-07-23 02:39:08'),(59,58,7,'debitis','Ipsa autem quo sit mollitia. Et quibusdam perferendis soluta nihil excepturi. Voluptatem suscipit facere quia provident ut et dolorem ut. Autem et fugit animi aut.',59,0,0,'2014-06-02 11:41:59','2021-07-23 02:39:08'),(60,30,26,'quis','Est itaque occaecati et aperiam excepturi. Qui et iste minus iure commodi commodi aut.',60,0,1,'1994-09-09 14:05:19','2021-07-23 02:39:08'),(61,32,2,'molestiae','Repellendus beatae aut sequi mollitia. Explicabo et molestiae ratione eum aut eum assumenda. Quia hic sunt quas recusandae ipsum ullam. Fugiat cupiditate eos aspernatur vel. At nulla id laboriosam cupiditate excepturi autem.',61,0,0,'1927-05-13 21:25:18','2021-07-23 02:39:08'),(62,35,18,'omnis','Distinctio quibusdam rem rerum aperiam quaerat totam autem possimus. Et dolor ut et. Aut aliquid soluta ex dolor nihil non sequi. Esse est ut ut ut repellat sit. Quae numquam at non quia.',62,1,1,'1936-07-24 18:46:58','2021-07-23 02:39:08'),(63,82,11,'in','Facilis nihil consectetur unde. Et quod facere ab odit doloribus excepturi. Aperiam assumenda tempore expedita ducimus aut aut. Aut maiores porro provident consectetur accusantium qui ducimus. Quae ullam nulla dolor est iste.',63,1,1,'2000-08-23 16:51:42','2021-07-23 02:39:08'),(64,33,18,'amet','Alias laborum unde reprehenderit quia. Numquam recusandae sed sapiente rerum fugiat velit. Fuga debitis voluptatibus minus doloribus excepturi est quasi. Voluptas molestiae accusantium aut.',64,1,1,'2004-09-04 09:01:25','2021-07-23 02:39:08'),(65,93,27,'consectetur','Natus dolorum vel rem. Beatae fugiat voluptates qui in quo molestiae ducimus. Sed rerum id atque excepturi. Consequatur consequatur maxime odio ipsum velit est odio error.',65,1,0,'1996-04-03 16:51:26','2021-07-23 02:39:08'),(66,69,23,'tempore','Delectus asperiores soluta vitae mollitia. Et adipisci deleniti reiciendis. Dolor eveniet eum accusantium et aut ut excepturi. Quo rem veniam et ad eum.',66,0,1,'2013-06-18 09:27:47','2021-07-23 02:39:08'),(67,65,1,'veritatis','Et est quia sunt veniam minus maiores. Et molestiae dignissimos iste corrupti libero quibusdam ratione.',67,1,1,'1945-10-11 13:15:26','2021-07-23 02:39:08'),(68,14,20,'facere','Omnis quia sed enim omnis. Illum non ratione non. Nulla quia eaque error ut ut enim voluptas.',68,1,1,'1996-08-23 10:42:33','2021-07-23 02:39:08'),(69,81,3,'et','Totam est quae voluptatem blanditiis. Voluptatum ducimus voluptates est vel ut ad. Sint tempore non dolorum in excepturi ipsum quisquam. Et ut consequatur ut eveniet.',69,1,0,'1992-12-04 19:06:29','2021-07-23 02:39:08'),(70,4,28,'aliquid','Eveniet delectus ut beatae praesentium magnam nemo. Quia error non aspernatur dicta et sunt. Commodi delectus autem ipsum praesentium facere ut dolorem natus. Omnis repellat repellat qui fugiat doloremque reiciendis quis quo. Commodi qui sit sed enim ducimus sequi sint placeat.',70,1,1,'1959-02-22 23:29:57','2021-07-23 02:39:08'),(71,50,22,'ullam','Illum quaerat tenetur quasi est. Ut fugiat doloremque porro ab. Aut est odio laborum sint autem beatae. Aut sed ab omnis.',71,1,1,'2010-12-18 02:21:38','2021-07-23 02:39:08'),(72,7,6,'totam','Sapiente blanditiis dolor dolore qui est sequi mollitia. Quia sint id consequuntur odio fuga maxime ducimus. Dolorum quae ducimus ut cupiditate veniam.',72,0,0,'1954-08-17 07:13:42','2021-07-23 02:39:08'),(73,71,30,'quisquam','Et ea illum eius nam quis aut. Et laboriosam commodi praesentium ab quo.',73,0,1,'1940-12-24 19:58:58','2021-07-23 02:39:08'),(74,81,3,'aut','Quidem sit quod et. Facere ab eum autem eos. Incidunt et facere voluptatem molestias et aut ratione.',74,0,1,'2016-04-16 20:42:07','2021-07-23 02:39:08'),(75,2,25,'quam','Aut sed cupiditate vel nemo voluptatem. Cum vel pariatur dignissimos et quasi eos aut. Id temporibus impedit sunt quia cum.',75,0,0,'1927-11-02 13:54:24','2021-07-23 02:39:08'),(76,98,14,'inventore','Quasi odio velit cupiditate. Aut reprehenderit aut magnam.',76,0,0,'2010-07-18 02:20:34','2021-07-23 02:39:08'),(77,40,17,'nostrum','Dolorem dignissimos earum deserunt molestiae blanditiis voluptatibus. Alias voluptatum distinctio qui eveniet quam. Enim voluptates suscipit quae dolore nihil ipsam nesciunt.',77,1,1,'1971-11-10 03:59:09','2021-07-23 02:39:08'),(78,65,17,'ea','Voluptates explicabo nobis officiis. Voluptas quis voluptas rem et vitae vitae aut voluptas. Qui culpa cum voluptatibus necessitatibus et.',78,1,0,'1968-07-13 08:39:38','2021-07-23 02:39:08'),(79,81,11,'tenetur','Aut ipsam est quia ut quis incidunt adipisci. Eveniet totam vel quia dolorem et.',79,0,0,'1969-08-18 09:02:17','2021-07-23 02:39:08'),(80,43,1,'esse','Harum consequatur eos eaque similique. Quo omnis quod maiores voluptatem doloremque iste et. Voluptatem modi sed et dicta minima id amet.',80,1,1,'2013-03-10 22:59:22','2021-07-23 02:39:08'),(81,76,24,'nihil','Dolores repudiandae quo laboriosam esse dolorem distinctio ipsam. Qui tempora impedit et. Rerum voluptas sed magni ex iusto modi ut. Velit ab blanditiis esse aut earum totam.',81,0,1,'1922-10-16 22:10:38','2021-07-23 02:39:08'),(82,62,23,'minima','Magni et et quia neque dolor quasi. Repellendus tempora nisi nobis et. Magnam aspernatur perferendis tempora autem. Deserunt perferendis aut qui quas. Assumenda repellendus voluptas recusandae atque sit.',82,1,0,'1929-10-11 09:26:34','2021-07-23 02:39:08'),(83,90,8,'similique','Voluptatem perspiciatis qui quidem. Omnis suscipit et dicta fugiat voluptas ad. At similique quas maiores unde qui est ex.',83,0,0,'1992-10-26 03:36:14','2021-07-23 02:39:08'),(84,54,29,'ad','Voluptate aliquam fugit omnis accusamus minus alias fugit. Magnam eos et dolor quas non consequatur earum. Et excepturi consequatur sed velit et.',84,0,0,'1937-05-31 10:49:20','2021-07-23 02:39:08'),(85,13,23,'nulla','Quo fugiat iure maiores minus minus. Ipsa omnis sequi cum dicta nihil deserunt. Quo cupiditate autem ut tempore occaecati. Voluptate ratione veritatis est rerum nihil.',85,0,1,'1959-04-28 00:14:00','2021-07-23 02:39:08'),(86,45,28,'quia','Eligendi iure molestiae voluptatum sed iure explicabo excepturi. Aspernatur possimus eos aut quis eligendi est. Officia reprehenderit harum cupiditate qui.',86,1,1,'2004-11-26 22:55:00','2021-07-23 02:39:08'),(87,34,27,'quia','Est qui qui quas dolorum recusandae. Eius quas corporis distinctio in est. Id sint est voluptas doloribus sit beatae molestiae.',87,1,0,'1996-07-28 00:07:22','2021-07-23 02:39:08'),(88,37,6,'ducimus','Porro eos tempora libero voluptatem. Dignissimos expedita sit consequatur repellendus. Nobis culpa numquam vel et velit. Rerum dolor ut totam laudantium enim voluptatum ducimus.',88,0,0,'1945-04-10 16:38:10','2021-07-23 02:39:08'),(89,86,22,'non','Quisquam voluptatem ipsam consequatur est dolores aliquam. Cupiditate atque sit laboriosam. Ea blanditiis eius dolorem aut.',89,1,1,'1925-08-22 22:16:20','2021-07-23 02:39:08'),(90,99,24,'deserunt','Veniam nihil et ipsa aut. Aliquid eos ad culpa voluptatem sapiente. Ad beatae expedita voluptatem eos veniam aut sint ea. Ea iusto qui voluptates repellendus. Neque perferendis quae temporibus non id doloribus mollitia.',90,1,1,'1933-06-27 10:16:14','2021-07-23 02:39:08'),(91,3,23,'quo','Aut quia suscipit enim. Eveniet consectetur quod quis et ratione maxime non. Omnis est voluptatum dolorem ut placeat porro repellat. Est facere sit est est iure consequatur.',91,0,0,'1968-09-07 07:10:21','2021-07-23 02:39:08'),(92,64,28,'repudiandae','Ipsam consectetur aliquam aut maiores fugit. Praesentium sed nesciunt explicabo. Dolor commodi odit ipsum enim voluptas.',92,1,1,'1933-11-06 02:04:01','2021-07-23 02:39:08'),(93,76,1,'dolore','Unde consequatur ipsa assumenda accusantium commodi laboriosam quisquam. Ipsam dolor ipsam et ut totam dolorem unde. Fuga ab rerum ut ipsa esse facilis.',93,1,0,'1932-12-01 14:17:23','2021-07-23 02:39:08'),(94,75,22,'sunt','Non sint inventore eos velit molestiae repellat. Reprehenderit quas aspernatur eos quae. Provident quia est harum quos.',94,0,1,'1955-04-12 11:38:15','2021-07-23 02:39:08'),(95,31,12,'aut','Non explicabo quo unde dolorem. Ipsam illum officiis numquam asperiores eius veniam.',95,0,0,'1957-08-15 17:46:40','2021-07-23 02:39:08'),(96,9,7,'atque','Quo odit illo laboriosam repudiandae qui ipsum deleniti. Cumque qui dolorum dignissimos quibusdam maxime ducimus. Sed consectetur et amet aliquid. Et qui rerum molestiae dolor.',96,1,1,'1937-03-08 23:19:13','2021-07-23 02:39:08'),(97,79,10,'aut','Cum odio dicta occaecati excepturi alias molestiae reprehenderit. Rem iure odit autem vero aut modi hic est. Et quasi optio et ab in. Fugit itaque nam recusandae.',97,1,1,'2004-10-15 19:14:30','2021-07-23 02:39:08'),(98,24,7,'quia','Impedit sint sit perspiciatis et ab doloribus in. Esse qui molestiae voluptate. Ad reprehenderit qui animi illo ipsum corporis. Et ut harum aut ut cumque quo. Repellat ea assumenda ullam autem qui.',98,0,1,'1970-12-28 12:57:50','2021-07-23 02:39:08'),(99,38,7,'maiores','Eum eum hic nobis ducimus fuga quo molestiae. Modi vero nihil eius.',99,1,0,'1946-11-29 08:36:25','2021-07-23 02:39:08'),(100,3,14,'maxime','Omnis est quidem facilis sint. Incidunt reprehenderit ea dolores nobis similique assumenda commodi. Officiis a quam consequuntur dolor nam. Ipsam laboriosam accusantium eaque ut asperiores vitae consequatur fuga.',100,1,1,'1935-10-21 11:36:48','2021-07-23 02:39:08');
/*!40000 ALTER TABLE `posts` ENABLE KEYS */;
UNLOCK TABLES;

--
-- Table structure for table `profiles`
--

DROP TABLE IF EXISTS `profiles`;
/*!40101 SET @saved_cs_client     = @@character_set_client */;
/*!50503 SET character_set_client = utf8mb4 */;
CREATE TABLE `profiles` (
  `user_id` int unsigned NOT NULL COMMENT '╨б╤Б╤Л╨╗╨║╨░ ╨╜╨░ ╨┐╨╛╨╗╤М╨╖╨╛╨▓╨░╤В╨╡╨╗╤П',
  `gender` char(1) CHARACTER SET utf8mb4 COLLATE utf8mb4_unicode_ci NOT NULL COMMENT '╨Я╨╛╨╗',
  `birthday` date DEFAULT NULL COMMENT '╨Ф╨░╤В╨░ ╤А╨╛╨╢╨┤╨╡╨╜╨╕╤П',
  `city_id` int unsigned DEFAULT NULL COMMENT '╨б╤Б╤Л╨╗╨║╨░ ╨╜╨░ ╨│╨╛╤А╨╛╨┤ ╨┐╤А╨╛╨╢╨╕╨▓╨░╨╜╨╕╤П',
  `created_at` datetime DEFAULT CURRENT_TIMESTAMP COMMENT '╨Т╤А╨╡╨╝╤П ╤Б╨╛╨╖╨┤╨░╨╜╨╕╤П ╤Б╤В╤А╨╛╨║╨╕',
  `updated_at` datetime DEFAULT CURRENT_TIMESTAMP ON UPDATE CURRENT_TIMESTAMP COMMENT '╨Я╨╛╤Б╨╗╨╡╨┤╨╜╨╡╨╡ ╨╛╨▒╨╜╨╛╨▓╨╗╨╡╨╜╨╕╨╡',
  PRIMARY KEY (`user_id`)
) ENGINE=InnoDB DEFAULT CHARSET=utf8mb4 COLLATE=utf8mb4_unicode_ci COMMENT='╨Я╤А╨╛╤Д╨╕╨╗╨╕';
/*!40101 SET character_set_client = @saved_cs_client */;

--
-- Dumping data for table `profiles`
--

LOCK TABLES `profiles` WRITE;
/*!40000 ALTER TABLE `profiles` DISABLE KEYS */;
INSERT INTO `profiles` VALUES (1,'F','2012-03-24',46,'1975-12-27 13:06:02','2021-07-23 02:07:44'),(2,'M','2017-06-04',14,'1986-07-22 16:03:55','2021-07-23 02:07:44'),(3,'F','1985-09-06',30,'1998-08-06 16:52:27','2021-07-23 02:07:44'),(4,'F','2010-11-08',10,'2006-05-17 10:47:47','2021-07-23 02:07:44'),(5,'M','1993-08-28',59,'1999-05-11 04:31:50','2021-07-23 02:07:44'),(6,'M','2009-11-03',66,'2003-07-01 07:36:29','2021-07-23 02:07:44'),(7,'M','2001-11-14',51,'1976-12-15 18:06:55','2021-07-23 02:07:44'),(8,'F','1995-02-21',55,'2020-09-01 22:55:20','2021-07-23 02:07:44'),(9,'M','1990-02-08',22,'2005-03-07 03:44:52','2021-07-23 02:07:44'),(10,'F','2015-01-21',45,'2015-06-24 06:55:38','2021-07-23 02:07:44'),(11,'M','1990-09-27',57,'1977-07-31 02:11:13','2021-07-23 02:07:44'),(12,'M','2019-12-24',50,'2005-10-10 00:24:47','2021-07-23 02:07:44'),(13,'M','1984-10-31',79,'1994-03-03 14:09:35','2021-07-23 02:07:44'),(14,'M','1998-06-19',43,'2011-10-31 16:59:03','2021-07-23 02:07:44'),(15,'M','2012-02-03',79,'2003-02-24 06:04:59','2021-07-23 02:07:44'),(16,'F','2011-11-01',67,'2012-02-10 02:51:52','2021-07-23 02:07:44'),(17,'M','1989-04-21',96,'1975-08-09 00:55:29','2021-07-23 02:07:44'),(18,'M','2007-05-27',79,'2004-07-05 09:57:00','2021-07-23 02:07:44'),(19,'F','1988-12-20',4,'1985-09-10 13:34:40','2021-07-23 02:07:44'),(20,'F','1994-08-20',86,'1979-09-12 10:53:39','2021-07-23 02:07:44'),(21,'M','1998-08-10',16,'2008-03-18 05:33:00','2021-07-23 02:07:44'),(22,'M','1972-12-19',21,'1971-04-25 04:39:47','2021-07-23 02:07:44'),(23,'F','1997-05-15',56,'2003-12-13 13:20:58','2021-07-23 02:07:44'),(24,'M','1980-06-10',19,'1990-04-02 16:53:35','2021-07-23 02:07:44'),(25,'F','2011-09-19',25,'2016-07-16 16:14:49','2021-07-23 01:52:02'),(26,'M','2008-04-20',67,'1970-06-14 13:14:38','2021-07-23 02:07:44'),(27,'F','2018-08-03',61,'1990-08-27 19:12:42','2021-07-23 02:07:44'),(28,'M','1988-02-25',1,'2020-05-21 15:51:47','2021-07-23 02:07:44'),(29,'F','2019-03-21',21,'2002-08-15 22:49:12','2021-07-23 02:07:44'),(30,'M','1998-01-22',3,'2005-07-27 11:04:11','2021-07-23 02:07:44'),(31,'F','1975-07-22',52,'1976-10-14 02:52:36','2021-07-23 02:07:44'),(32,'M','1972-09-08',51,'2015-10-13 22:49:19','2021-07-23 02:07:44'),(33,'F','2011-03-10',99,'1981-11-24 06:50:32','2021-07-23 02:07:44'),(34,'F','1992-03-16',41,'1972-07-18 22:13:17','2021-07-23 02:07:44'),(35,'M','2006-10-13',5,'2003-07-25 01:32:05','2021-07-23 02:07:44'),(36,'F','1990-11-28',4,'2002-04-12 00:52:23','2021-07-23 02:07:44'),(37,'M','2020-11-03',5,'1981-10-05 06:07:51','2021-07-23 02:07:44'),(38,'F','1999-07-25',11,'1982-07-11 15:29:08','2021-07-23 02:07:44'),(39,'M','1985-07-08',40,'1980-01-01 02:50:21','2021-07-23 02:07:44'),(40,'F','2008-03-10',66,'2020-08-02 01:32:19','2021-07-23 02:07:44'),(41,'F','1973-08-09',10,'1993-08-29 14:13:27','2021-07-23 02:07:44'),(42,'F','2006-02-15',50,'2001-05-07 04:42:37','2021-07-23 02:07:44'),(43,'F','1982-10-15',19,'1993-03-02 12:42:07','2021-07-23 02:07:44'),(44,'M','1991-07-11',44,'1996-11-04 23:47:17','2016-12-12 22:05:25'),(45,'M','1999-06-08',65,'2014-04-16 11:27:28','2021-07-23 02:07:44'),(46,'M','2011-05-04',90,'2002-11-04 03:17:03','2021-07-23 02:07:44'),(47,'F','2010-10-27',58,'2003-11-21 21:45:37','2021-07-23 02:07:44'),(48,'M','1988-05-27',16,'1986-12-16 21:36:04','2021-07-23 02:07:44'),(49,'F','1999-12-06',8,'1984-04-18 10:48:30','2021-07-23 02:07:44'),(50,'F','1988-07-21',90,'2003-12-25 02:18:42','2021-07-23 02:07:44'),(51,'F','2011-06-14',25,'1985-03-26 21:35:18','2021-07-23 02:07:44'),(52,'M','2010-02-13',57,'2011-04-26 17:24:58','2021-07-23 02:07:44'),(53,'M','2014-02-11',9,'2006-01-23 09:04:23','2021-07-23 02:07:44'),(54,'F','2002-02-06',73,'1997-07-16 16:30:29','2021-07-23 02:07:44'),(55,'M','2015-09-07',37,'1995-06-23 17:16:22','2021-07-23 02:07:44'),(56,'F','1977-03-06',65,'2002-01-18 03:49:24','2021-07-23 02:07:44'),(57,'M','2015-09-04',15,'1994-01-28 22:37:42','2021-07-23 02:07:44'),(58,'M','2010-07-18',77,'1993-01-15 11:36:25','2021-07-23 02:07:44'),(59,'F','1994-06-29',42,'1981-05-31 02:49:38','2021-07-23 02:07:44'),(60,'M','2004-01-19',80,'2017-05-20 23:19:48','2021-07-23 02:07:44'),(61,'F','1996-08-03',71,'1977-11-01 15:47:32','2021-07-23 02:07:44'),(62,'F','1972-02-20',14,'1985-07-08 21:12:29','2021-07-23 02:07:44'),(63,'M','2009-07-11',56,'2017-04-08 12:31:38','2021-07-23 02:07:44'),(64,'M','2016-07-23',39,'1976-10-23 17:56:17','2021-07-23 02:07:44'),(65,'M','1972-02-25',27,'1992-07-01 03:03:35','2021-07-23 02:07:44'),(66,'M','1990-06-25',19,'1970-09-10 11:47:04','2021-07-23 02:07:44'),(67,'M','2014-12-29',12,'2014-03-05 16:18:32','2021-07-23 02:07:44'),(68,'F','2016-04-19',2,'1972-01-11 06:03:30','2021-07-23 02:07:44'),(69,'M','1989-09-02',76,'1993-08-05 04:33:54','2021-07-23 02:07:44'),(70,'F','1984-12-28',71,'1994-09-21 15:29:54','2021-07-23 02:07:44'),(71,'F','1998-05-27',29,'1988-02-23 15:24:35','2021-07-23 02:07:44'),(72,'M','1984-03-13',29,'2002-04-22 21:58:45','2021-07-23 02:07:44'),(73,'M','1983-06-16',59,'2008-09-27 07:38:10','2021-07-23 02:07:44'),(74,'F','1974-11-20',5,'2001-05-19 05:13:37','2021-07-23 02:07:44'),(75,'F','1983-02-20',50,'2011-12-29 16:23:34','2021-07-23 02:07:44'),(76,'M','2007-02-18',33,'1974-07-17 14:49:27','2021-07-23 02:07:44'),(77,'M','1996-01-13',14,'1990-11-30 09:19:30','2021-07-23 02:07:44'),(78,'F','2020-10-26',70,'2003-04-16 21:35:13','2021-07-23 02:07:44'),(79,'F','2008-04-04',10,'1970-05-27 11:56:01','2021-07-23 02:07:44'),(80,'M','2017-03-27',40,'1985-01-24 04:16:35','2021-07-23 02:07:44'),(81,'F','1974-04-13',67,'2017-10-05 00:19:15','2021-07-23 02:07:44'),(82,'M','1996-11-15',16,'2010-03-03 12:59:52','2021-07-23 02:07:44'),(83,'M','1988-01-11',78,'1990-05-03 08:29:21','2021-07-23 02:07:44'),(84,'F','2016-06-06',43,'1997-04-18 23:46:14','2021-07-23 02:07:44'),(85,'F','1982-10-29',79,'2014-11-20 13:05:10','2021-07-23 02:07:44'),(86,'M','1978-12-11',67,'1996-03-28 14:49:08','2021-07-23 02:07:44'),(87,'M','2004-01-25',97,'1976-09-21 12:21:36','2021-07-23 02:07:44'),(88,'M','2010-07-10',82,'1989-02-26 08:46:34','2021-07-23 02:07:44'),(89,'M','1982-02-17',18,'2005-06-10 05:28:56','2021-07-23 02:07:44'),(90,'F','2013-01-13',44,'2012-01-26 06:23:18','2021-07-23 02:07:44'),(91,'M','2012-01-31',67,'1971-11-18 00:24:11','2021-07-23 02:07:44'),(92,'F','1993-07-18',100,'2004-01-12 11:17:04','2021-07-23 02:07:44'),(93,'M','1984-03-01',100,'2019-08-04 17:36:47','2021-07-23 02:07:44'),(94,'M','1979-12-02',1,'2006-04-27 01:25:40','2021-07-23 02:07:44'),(95,'M','2003-10-05',1,'2006-07-03 04:51:41','2021-07-23 02:07:44'),(96,'M','2006-08-13',5,'1970-05-15 10:27:36','2021-07-23 02:07:44'),(97,'F','1999-08-10',20,'2012-07-28 07:26:04','2021-07-23 02:07:44'),(98,'M','1971-11-11',83,'1998-08-04 04:56:12','2021-07-23 02:07:44'),(99,'F','2009-07-24',54,'1992-12-07 13:32:18','2021-07-23 02:07:44'),(100,'M','2019-04-19',24,'2013-06-09 17:26:05','2021-07-23 02:07:44');
/*!40000 ALTER TABLE `profiles` ENABLE KEYS */;
UNLOCK TABLES;

--
-- Table structure for table `users`
--

DROP TABLE IF EXISTS `users`;
/*!40101 SET @saved_cs_client     = @@character_set_client */;
/*!50503 SET character_set_client = utf8mb4 */;
CREATE TABLE `users` (
  `id` int unsigned NOT NULL AUTO_INCREMENT COMMENT '╨Ш╨┤╨╡╨╜╤В╨╕╤Д╨╕╨║╨░╤В╨╛╤А ╤Б╤В╤А╨╛╨║╨╕',
  `first_name` varchar(100) CHARACTER SET utf8mb4 COLLATE utf8mb4_unicode_ci NOT NULL COMMENT '╨Ш╨╝╤П ╨┐╨╛╨╗╤М╨╖╨╛╨▓╨░╤В╨╡╨╗╤П',
  `last_name` varchar(100) CHARACTER SET utf8mb4 COLLATE utf8mb4_unicode_ci NOT NULL COMMENT '╨д╨░╨╝╨╕╨╗╨╕╤П ╨┐╨╛╨╗╤М╨╖╨╛╨▓╨░╤В╨╡╨╗╤П',
  `email` varchar(100) CHARACTER SET utf8mb4 COLLATE utf8mb4_unicode_ci NOT NULL COMMENT '╨Я╨╛╤З╤В╨░',
  `phone` varchar(100) CHARACTER SET utf8mb4 COLLATE utf8mb4_unicode_ci NOT NULL COMMENT '╨в╨╡╨╗╨╡╤Д╨╛╨╜',
  `created_at` datetime DEFAULT CURRENT_TIMESTAMP COMMENT '╨Т╤А╨╡╨╝╤П ╤Б╨╛╨╖╨┤╨░╨╜╨╕╤П ╤Б╤В╤А╨╛╨║╨╕',
  `updated_at` datetime DEFAULT CURRENT_TIMESTAMP ON UPDATE CURRENT_TIMESTAMP COMMENT '╨Я╨╛╤Б╨╗╨╡╨┤╨╜╨╡╨╡ ╨╛╨▒╨╜╨╛╨▓╨╗╨╡╨╜╨╕╨╡',
  PRIMARY KEY (`id`),
  UNIQUE KEY `email` (`email`),
  UNIQUE KEY `phone` (`phone`)
) ENGINE=InnoDB AUTO_INCREMENT=101 DEFAULT CHARSET=utf8mb4 COLLATE=utf8mb4_unicode_ci COMMENT='╨Я╨╛╨╗╤М╨╖╨╛╨▓╨░╤В╨╡╨╗╨╕';
/*!40101 SET character_set_client = @saved_cs_client */;

--
-- Dumping data for table `users`
--

LOCK TABLES `users` WRITE;
/*!40000 ALTER TABLE `users` DISABLE KEYS */;
INSERT INTO `users` VALUES (1,'Daron','Schimmel','ashton.klocko@example.org','362-146-3227','1974-09-10 15:15:19','2013-04-13 09:12:19'),(2,'Newton','Jacobs','goodwin.oleta@example.net','(104)257-4209','1986-04-14 20:21:03','2015-05-12 04:21:33'),(3,'Zola','Considine','timmothy.gislason@example.net','823.886.4411x530','2019-03-05 00:14:11','2021-07-23 01:51:39'),(4,'Milan','Cruickshank','kfranecki@example.com','742.888.4898x5175','1998-06-05 18:32:39','2021-04-09 07:59:49'),(5,'Lorenza','Fadel','kolby.kiehn@example.org','(588)274-0863','1971-12-09 00:43:34','2012-05-08 13:13:37'),(6,'Samson','Vandervort','susanna.jacobson@example.com','(332)907-2939x3683','1979-06-06 06:15:42','2014-01-31 13:15:21'),(7,'Jasen','Purdy','martina.fritsch@example.org','594.160.9137x6672','1998-06-02 16:17:20','2013-03-24 02:44:43'),(8,'Graciela','Effertz','hcronin@example.com','(160)466-4994x6270','1986-03-28 19:42:53','2016-03-06 23:00:34'),(9,'Gaetano','Rogahn','olson.desiree@example.org','155.650.1614','1994-05-09 00:06:16','2019-10-07 18:30:51'),(10,'Mortimer','Strosin','helga.upton@example.net','1-414-639-5558x887','1995-11-21 18:54:30','2012-08-18 12:32:00'),(11,'Vada','Bradtke','rcarroll@example.net','1-409-276-1569','2008-07-01 10:27:00','2011-08-09 14:43:36'),(12,'Virgie','Champlin','bbernhard@example.net','006-910-4333x271','1947-05-29 18:33:33','2013-11-22 23:57:06'),(13,'Alvena','Spencer','gonzalo76@example.com','651.258.2170x7803','2005-10-26 18:51:29','2011-08-17 12:11:08'),(14,'Kade','Gibson','cbraun@example.com','479-736-2305','1970-09-08 12:16:25','2017-04-17 09:29:06'),(15,'Violette','O\'Keefe','hterry@example.org','085.861.6270x831','1976-01-06 18:41:36','2020-12-15 13:36:01'),(16,'Elenor','Streich','alexander24@example.com','583.238.6317','2013-10-26 17:32:51','2021-07-23 01:51:39'),(17,'Luciano','Simonis','vilma66@example.net','805-019-4926x547','2012-01-23 02:24:26','2018-08-16 04:04:17'),(18,'Kiera','Bergnaum','bettye.konopelski@example.net','+94(4)7215309682','2014-10-31 07:47:22','2015-02-17 15:52:27'),(19,'Malinda','Cruickshank','chaya.schowalter@example.net','576.773.6804','1946-01-22 19:35:35','2011-11-24 08:28:42'),(20,'Aliyah','Turner','fgreen@example.com','240.063.3557x047','1996-06-02 07:24:27','2018-02-11 15:18:10'),(21,'Cayla','Rosenbaum','leonard23@example.net','675-329-6122x27411','1962-07-16 00:43:54','2017-11-18 15:37:32'),(22,'Reynold','Maggio','dietrich.freddie@example.com','1-388-542-2765','1933-03-09 14:27:43','2015-08-02 16:47:52'),(23,'Jalyn','Bailey','jsimonis@example.org','427-539-4759','1923-08-24 08:44:24','2021-03-17 15:55:37'),(24,'Jermaine','Parker','plehner@example.org','207-660-4467','1939-03-03 07:26:47','2016-10-29 10:27:01'),(25,'Margaretta','Quigley','jstiedemann@example.net','508.028.0595','1929-02-28 23:37:49','2014-03-18 19:54:13'),(26,'Tyra','Okuneva','matilde17@example.com','679-786-3022','1987-07-05 03:06:04','2017-10-11 14:06:18'),(27,'Vladimir','Waters','hodkiewicz.kailyn@example.net','359.428.2529x5440','1941-12-14 23:49:49','2017-06-01 00:45:22'),(28,'Elizabeth','Rippin','ukertzmann@example.org','(891)677-7203x27510','1960-09-13 21:16:28','2012-05-26 01:32:13'),(29,'Earline','Ryan','zachary.will@example.com','(462)162-9279x719','1971-03-31 20:08:59','2021-01-13 06:13:51'),(30,'Ayden','Lebsack','leuschke.liliana@example.net','050.980.3508x96037','2010-09-02 14:47:12','2018-05-30 07:04:47'),(31,'Berta','Reilly','benny.sporer@example.com','559.402.3891','1934-10-07 09:55:25','2014-05-05 02:53:16'),(32,'Kirsten','Gaylord','colleen.jacobi@example.org','554.376.4655','1937-10-02 06:10:56','2013-01-02 07:52:21'),(33,'Lila','Kohler','deshaun.wilderman@example.org','1-249-768-3826','1932-02-17 19:29:13','2013-02-02 04:05:58'),(34,'Marilie','Beatty','alessandro.koch@example.net','583-420-6151x779','1991-03-28 08:45:30','2011-12-07 05:47:36'),(35,'Dorris','Franecki','lmarvin@example.org','(972)245-9493x7713','1931-12-02 13:35:11','2019-05-16 07:42:48'),(36,'Zelma','Bogisich','werner58@example.org','1-273-782-1613x80181','2020-02-29 03:39:32','2020-03-28 15:42:01'),(37,'Helen','Gutmann','keyshawn.lang@example.com','(197)669-9775x363','2011-08-11 01:30:35','2019-05-16 07:27:44'),(38,'Norma','Goyette','bertram.carroll@example.org','(763)991-5405','2005-01-01 05:28:16','2013-10-03 07:42:18'),(39,'Charlotte','Gutmann','rae.bode@example.org','1-676-435-7836','1926-12-01 17:37:00','2017-06-21 15:35:44'),(40,'Alphonso','Sipes','yfunk@example.com','+75(8)5971964223','2018-06-17 12:11:35','2021-06-28 23:26:17'),(41,'Gilberto','Howe','derick09@example.net','(495)970-5786','1954-02-03 08:16:07','2013-04-30 18:44:54'),(42,'Carolina','Langosh','jermaine38@example.com','172-793-2838x42184','1935-03-05 05:44:35','2013-03-02 21:32:49'),(43,'Agustin','Johnston','johnston.lacy@example.com','+28(8)7302922133','1994-12-29 16:32:56','2013-07-02 23:09:42'),(44,'Orland','Bergstrom','nelda.wisozk@example.net','450-954-8457x2142','2013-09-23 01:28:58','2018-08-30 17:39:23'),(45,'Wilburn','Flatley','gerlach.noe@example.com','(650)476-2223','2000-04-24 12:07:09','2020-04-18 17:25:13'),(46,'Adrain','Jerde','rreynolds@example.com','(362)699-1672x7076','1955-07-08 14:10:09','2013-11-20 16:15:21'),(47,'Pamela','Langosh','tkirlin@example.org','413.432.0367x280','1964-09-13 19:25:59','2019-04-17 15:48:43'),(48,'Adan','Harvey','miller.lamar@example.com','551-327-7170x4888','1965-07-03 08:35:58','2017-04-10 12:36:14'),(49,'Aditya','Bergnaum','immanuel.ortiz@example.net','1-828-997-9363x6437','1924-09-26 14:19:09','2015-12-07 00:37:11'),(50,'Nova','Kautzer','nedra.wolf@example.net','857.118.0748x587','2017-11-30 10:31:06','2018-11-06 17:41:34'),(51,'Elvera','Lind','janessa.altenwerth@example.net','630.273.6134','2016-06-19 10:50:10','2019-10-12 15:52:34'),(52,'Myrtle','Hettinger','alba.mayert@example.net','(221)678-4482','1974-10-28 16:34:20','2017-04-01 16:58:53'),(53,'Ted','Mraz','akeem.becker@example.net','295.162.6264','1934-02-26 20:30:23','2016-10-09 04:18:15'),(54,'Catherine','Ledner','cristal37@example.org','03498046465','2006-07-22 10:44:26','2017-02-10 22:07:10'),(55,'Reese','Hermann','raphaelle67@example.net','(795)402-4930x2213','1942-11-11 02:46:20','2013-02-11 21:09:34'),(56,'Guillermo','Kemmer','sdouglas@example.org','189-817-9547','1996-05-18 09:50:44','2018-04-28 16:12:24'),(57,'Rafael','McDermott','ralph38@example.net','682.650.8491x310','1928-12-08 03:43:11','2017-12-08 00:43:49'),(58,'Reta','Weber','barrows.haylee@example.org','1-979-499-1103x876','2020-03-11 22:13:11','2021-02-04 17:36:10'),(59,'Viva','Dietrich','darion.stamm@example.org','1-516-289-1039x526','1943-04-04 07:40:01','2019-02-25 14:13:17'),(60,'Monte','Quigley','roberts.zack@example.com','(217)623-1920x3413','1961-11-25 10:57:56','2017-12-28 17:44:42'),(61,'Olaf','Borer','jmante@example.org','1-514-210-5390x3936','1939-07-17 05:44:29','2015-06-10 09:51:08'),(62,'Gerardo','Reichert','raleigh.yost@example.com','423.822.5138x557','1926-10-31 17:52:24','2018-01-03 23:55:02'),(63,'Clark','Abbott','roberts.fermin@example.org','(165)603-2965x88584','1937-08-10 15:03:52','2016-06-05 06:22:30'),(64,'Frank','Rolfson','clemens61@example.com','1-881-329-9615','1927-05-21 14:33:05','2018-02-14 21:47:45'),(65,'Madie','Fisher','michelle.collier@example.org','468-472-7626','1994-04-19 03:36:45','2018-11-07 09:28:09'),(66,'Sarina','Okuneva','josianne67@example.net','222.572.9178x73642','1934-11-14 14:20:38','2019-09-07 23:55:43'),(67,'Else','Jaskolski','ruthe26@example.net','383.974.5083x766','1947-03-17 15:18:04','2021-05-20 09:56:36'),(68,'Wilfred','Rutherford','eliane.gutkowski@example.com','(763)830-9781','2014-02-25 09:01:12','2015-02-12 15:06:14'),(69,'Lexi','Franecki','ottis.wehner@example.com','711-452-5319x4522','1955-01-06 13:39:43','2013-10-26 06:00:01'),(70,'Jaylen','Carter','fspinka@example.net','(064)585-0930x5718','1924-10-04 17:53:57','2012-03-26 05:26:15'),(71,'Magdalen','Orn','tracey.klocko@example.com','(079)786-8034x98675','1979-07-16 04:14:02','2018-12-09 07:41:37'),(72,'Elvis','Keeling','maggio.creola@example.net','09216645074','1995-02-17 16:57:46','2012-04-11 06:31:20'),(73,'Tristin','Lebsack','alanis15@example.org','974.642.6309','1934-09-03 21:48:50','2015-11-10 02:23:48'),(74,'Ozella','O\'Hara','mkihn@example.net','(017)500-7872x32177','1997-04-21 06:38:10','2013-09-18 00:47:52'),(75,'Beatrice','Stoltenberg','christopher.huels@example.com','(732)122-0742x90186','1972-09-10 02:47:02','2012-10-22 21:06:07'),(76,'Kyla','Schmitt','audra.bashirian@example.org','979.902.2582x0201','1997-10-11 17:46:31','2014-06-18 16:30:03'),(77,'Heath','Parisian','ottilie16@example.net','1-017-912-8867x184','2000-09-11 09:56:09','2011-11-23 23:33:22'),(78,'Maeve','Shanahan','ezra.pouros@example.com','(522)025-6673x606','1946-04-05 12:39:40','2018-06-26 20:26:56'),(79,'Pete','Collier','crist.kacey@example.org','(138)242-7371','1957-04-01 23:46:39','2013-10-11 12:05:30'),(80,'Dahlia','Klocko','ywaters@example.net','1-662-439-0611x618','1957-07-14 23:13:38','2019-03-29 20:34:43'),(81,'Jamey','Boehm','hoppe.norwood@example.net','07682445537','1923-02-09 09:54:01','2013-12-06 15:02:00'),(82,'Eve','Bednar','hahn.arnoldo@example.com','1-746-698-2421','1939-08-26 21:23:15','2016-03-23 05:22:19'),(83,'Ava','Graham','terry.tevin@example.com','848.571.6042','1954-08-28 06:25:19','2012-10-03 05:17:30'),(84,'Roselyn','Blick','cali25@example.net','1-271-352-7533x319','1991-04-05 18:38:09','2021-02-01 15:51:58'),(85,'Ryan','Ernser','shanna06@example.net','281-428-5856x406','1952-03-31 16:08:33','2016-03-11 13:54:44'),(86,'Leola','Hauck','maud.hills@example.net','+27(4)9809175009','1940-04-26 06:14:36','2020-12-20 18:52:22'),(87,'Rebecca','Harris','jordi06@example.net','422-197-2363','1939-07-04 03:57:51','2019-07-31 16:44:15'),(88,'Emmie','O\'Conner','pziemann@example.com','893-202-0428x19912','1952-10-07 16:48:58','2014-06-22 16:44:04'),(89,'Bernardo','Labadie','orland85@example.net','1-759-934-5049x50832','1948-07-19 01:13:31','2020-05-30 23:47:24'),(90,'Enid','Breitenberg','nbergnaum@example.net','795-241-8286x5015','1973-08-23 10:45:00','2017-10-18 23:12:08'),(91,'Raquel','Gorczany','ludwig.toy@example.net','09348983519','1937-04-10 13:52:13','2020-08-26 21:38:48'),(92,'Sabina','Lindgren','cwilderman@example.net','961.656.9376','2015-10-31 23:56:15','2021-07-23 01:51:39'),(93,'Marilyne','Altenwerth','malachi.stiedemann@example.com','05767049081','1989-04-14 07:09:06','2014-02-03 01:04:44'),(94,'Adrienne','Armstrong','whodkiewicz@example.com','1-900-240-3031','2004-04-07 20:11:58','2017-11-02 08:19:33'),(95,'Jamar','Waelchi','hannah.haag@example.net','1-713-722-9431','1964-09-22 15:22:57','2014-01-10 11:25:35'),(96,'Enrico','Ratke','akuhic@example.org','094.541.8518x8049','2008-02-28 17:10:05','2021-04-05 17:49:19'),(97,'Newton','Wilderman','nicola.kertzmann@example.net','133-900-0722x313','2001-09-20 13:29:55','2016-11-15 20:27:06'),(98,'Heath','Durgan','melyssa.wilkinson@example.com','(344)147-4960x0911','1965-08-17 00:21:07','2018-05-02 14:35:46'),(99,'Ophelia','Shanahan','marianne.kreiger@example.net','430-222-8362','1933-12-12 10:19:55','2018-04-27 17:04:10'),(100,'Glen','Ullrich','pkulas@example.org','+27(4)7654313588','1997-05-24 10:36:28','2018-11-16 09:02:46');
/*!40000 ALTER TABLE `users` ENABLE KEYS */;
UNLOCK TABLES;
/*!40103 SET TIME_ZONE=@OLD_TIME_ZONE */;

/*!40101 SET SQL_MODE=@OLD_SQL_MODE */;
/*!40014 SET FOREIGN_KEY_CHECKS=@OLD_FOREIGN_KEY_CHECKS */;
/*!40014 SET UNIQUE_CHECKS=@OLD_UNIQUE_CHECKS */;
/*!40101 SET CHARACTER_SET_CLIENT=@OLD_CHARACTER_SET_CLIENT */;
/*!40101 SET CHARACTER_SET_RESULTS=@OLD_CHARACTER_SET_RESULTS */;
/*!40101 SET COLLATION_CONNECTION=@OLD_COLLATION_CONNECTION */;
/*!40111 SET SQL_NOTES=@OLD_SQL_NOTES */;

-- Dump completed on 2021-07-23  2:45:53
